State,AccountLength,AreaCode,Phone,IntlPlan,VMailPlan,VMailMessage,DayMins,DayCalls,DayCharge,EveMins,EveCalls,EveCharge,NightMins,NightCalls,NightCharge,IntlMins,IntlCalls,IntlCharge,CustServCalls,Churn
AZ,104,408,360-8948,yes,no,0,238.3,104,40.51,209.9,82,17.84,222.5,100,10.01,9.3,3,2.51,2,True
CA,69,415,351-6436,no,no,0,135.0,88,22.95,217.9,95,18.52,151.0,115,6.79,7.2,6,1.94,3,False
TN,100,510,343-5463,no,no,0,243.1,95,41.33,157.1,112,13.35,239.2,88,10.76,10.8,2,2.92,1,True
VA,63,510,347-2476,no,no,0,157.9,107,26.84,215.1,77,18.28,179.1,115,8.06,8.4,6,2.27,2,False
NY,128,510,315-7850,yes,yes,40,176.0,81,29.92,190.9,114,16.23,215.2,104,9.68,10.6,5,2.86,3,True
PA,93,415,372-3187,yes,yes,24,131.3,107,22.32,227.6,98,19.35,150.6,100,6.78,13.3,3,3.59,5,True
AZ,106,408,314-8399,no,yes,19,203.7,94,34.63,196.0,94,16.66,228.4,105,10.28,12.1,6,3.27,1,False
LA,81,408,316-9979,yes,yes,16,240.1,112,40.82,199.6,75,16.97,223.2,94,10.04,7.5,2,2.03,2,True
TX,66,408,372-7485,yes,yes,18,232.7,124,39.56,157.0,96,13.35,228.6,104,10.29,7.7,4,2.08,0,True
WA,145,408,317-9885,no,yes,34,121.4,98,20.64,224.3,95,19.07,234.6,109,10.56,8.7,3,2.35,0,False
MO,59,510,322-4247,yes,no,0,217.8,87,37.03,235.2,104,19.99,191.0,107,8.59,11.9,3,3.21,1,True
AZ,57,415,366-3233,no,yes,23,251.5,111,42.76,170.4,113,14.48,224.4,99,10.1,10.2,2,2.75,2,False
VA,89,415,350-5464,no,no,0,189.2,122,32.16,208.0,85,17.68,162.6,108,7.32,7.2,2,1.94,1,False
GA,127,510,317-4068,no,yes,35,169.6,81,28.83,230.9,118,19.63,193.6,107,8.71,8.2,3,2.21,1,False
MO,102,415,364-5485,no,yes,24,241.8,85,41.11,180.6,78,15.35,155.0,108,6.97,9.5,4,2.57,4,True
IN,114,510,359-2652,yes,yes,21,194.5,94,33.07,150.4,80,12.78,223.4,94,10.05,7.8,5,2.11,1,True
TN,85,510,352-8018,yes,no,0,181.3,104,30.82,233.8,82,19.87,229.0,87,10.3,7.7,4,2.08,4,True
OH,131,408,306-6812,no,yes,35,242.1,104,41.16,233.8,116,19.87,212.4,91,9.56,11.6,2,3.13,4,True
MO,59,510,326-5424,no,no,0,178.4,117,30.33,208.0,93,17.68,152.5,107,6.86,9.5,3,2.57,0,False
GA,130,415,371-5519,no,no,0,189.8,94,32.27,151.1,105,12.84,197.8,120,8.9,9.1,4,2.46,3,False
MI,62,408,328-1076,yes,yes,23,220.8,103,37.54,146.1,117,12.42,176.6,89,7.95,13.3,4,3.59,4,False
NY,95,408,303-4023,yes,no,0,232.5,93,39.53,209.7,76,17.82,238.3,100,10.72,11.5,6,3.11,1,False
SC,79,408,375-3391,yes,no,0,210.9,86,35.85,240.3,107,20.43,163.0,86,7.33,7.6,2,2.05,4,False
MO,78,415,337-2311,yes,no,0,178.1,110,30.28,253.2,83,21.52,234.4,102,10.55,10.9,3,2.94,0,True
IL,69,510,393-2055,no,no,0,236.7,110,40.24,186.1,87,15.82,209.6,116,9.43,7.5,4,2.03,5,False
GA,76,510,311-6672,no,no,0,201.1,99,34.19,216.9,103,18.44,203.7,95,9.17,9.2,4,2.48,5,True
WI,108,408,329-3912,yes,yes,25,240.9,120,40.95,237.6,76,20.2,210.9,114,9.49,9.0,6,2.43,2,True
VA,116,510,347-4020,yes,yes,16,186.1,87,31.64,159.7,100,13.57,176.1,106,7.92,9.9,5,2.67,0,True
AZ,65,408,311-6398,no,yes,38,207.9,110,35.34,243.7,111,20.71,177.1,92,7.97,12.0,3,3.24,2,False
WA,142,510,384-3864,yes,yes,17,121.7,98,20.69,259.6,95,22.07,174.0,89,7.83,11.0,2,2.97,0,True
CA,126,510,300-7207,yes,no,0,187.3,93,31.84,247.0,115,21.0,248.2,85,11.17,8.8,7,2.38,2,True
IN,94,510,317-4298,yes,yes,36,166.0,117,28.22,236.8,119,20.13,188.8,101,8.5,8.9,7,2.4,2,False
VA,140,415,332-7414,no,no,0,154.8,115,26.32,189.8,88,16.13,244.5,93,11.0,12.7,2,3.43,4,False
TX,57,510,320-6644,no,yes,22,123.0,84,20.91,143.0,94,12.16,233.5,99,10.51,13.4,5,3.62,3,False
VA,72,408,337-9898,yes,no,0,208.7,85,35.48,200.7,88,17.06,233.6,91,10.51,13.8,6,3.73,4,False
OH,121,415,395-3420,no,no,0,259.9,98,44.18,222.8,93,18.94,169.8,108,7.64,11.9,2,3.21,5,True
MI,115,415,308-4892,no,yes,24,202.6,98,34.44,257.1,112,21.85,222.4,90,10.01,13.3,6,3.59,1,False
IL,109,408,307-7746,no,yes,23,239.7,86,40.75,190.8,111,16.22,202.5,94,9.11,10.8,5,2.92,1,True
TN,56,510,387-8168,yes,no,0,142.1,119,24.16,162.6,95,13.82,190.7,100,8.58,9.7,4,2.62,0,False
CA,150,415,367-6894,yes,no,0,151.2,111,25.7,167.4,101,14.23,215.2,115,9.68,8.9,4,2.4,0,False
LA,60,415,359-9685,yes,no,0,226.9,80,38.57,251.1,106,21.34,199.6,90,8.98,8.8,3,2.38,1,False
TX,93,408,338-5227,no,yes,20,214.0,117,36.38,221.8,104,18.85,181.8,119,8.18,13.7,4,3.7,4,True
NY,64,408,378-1756,yes,no,0,145.2,83,24.68,223.7,87,19.01,175.5,102,7.9,7.7,4,2.08,5,False
GA,98,415,356-4953,no,no,0,143.8,106,24.45,243.8,110,20.72,235.6,103,10.6,9.4,7,2.54,3,False
MI,76,510,345-2384,no,yes,31,141.0,106,23.97,177.3,86,15.07,158.3,118,7.12,12.8,7,3.46,3,False
GA,123,510,357-1990,yes,no,0,148.3,94,25.21,234.3,112,19.92,153.9,106,6.93,10.4,2,2.81,4,True
MI,146,408,345-1775,no,no,0,212.1,109,36.06,221.0,95,18.79,237.8,115,10.7,8.1,6,2.19,3,False
PA,66,408,390-9415,yes,no,0,181.0,92,30.77,247.5,86,21.04,152.2,110,6.85,13.3,4,3.59,3,True
VA,106,415,367-5336,no,yes,30,186.2,92,31.65,141.5,95,12.03,212.4,104,9.56,12.6,3,3.4,4,True
MO,94,408,396-6759,no,yes,21,200.3,82,34.05,228.8,93,19.45,190.2,102,8.56,8.1,7,2.19,1,False
NY,115,408,300-9002,yes,yes,31,189.9,124,32.28,229.4,118,19.5,172.7,108,7.77,11.7,5,3.16,3,True
NY,78,510,383-9335,no,no,0,217.1,94,36.91,149.1,97,12.67,160.0,109,7.2,10.0,7,2.7,1,False
SC,101,415,385-6276,no,yes,25,171.9,95,29.22,143.0,114,12.16,181.8,105,8.18,11.0,2,2.97,0,False
OH,106,510,384-8008,no,yes,38,233.8,118,39.75,201.7,108,17.14,219.1,119,9.86,9.8,5,2.65,3,True
SC,83,408,366-5563,yes,yes,38,212.4,122,36.11,145.3,83,12.35,174.4,91,7.85,11.9,3,3.21,0,True
SC,124,510,315-7409,no,yes,26,169.7,86,28.85,145.2,114,12.34,156.1,89,7.02,9.4,7,2.54,5,True
SC,63,415,314-2270,yes,no,0,179.7,124,30.55,195.6,119,16.63,210.7,86,9.48,7.8,6,2.11,2,True
IL,57,408,382-2096,no,no,0,255.3,96,43.4,187.1,117,15.9,172.6,86,7.77,9.9,2,2.67,2,False
CO,71,510,312-4114,yes,no,0,225.0,112,38.25,245.8,106,20.89,209.0,85,9.4,11.3,7,3.05,4,True
WA,118,510,362-4717,no,no,0,204.1,111,34.7,150.9,88,12.83,158.0,86,7.11,10.1,4,2.73,3,False
GA,65,408,380-4515,yes,no,0,241.8,80,41.11,201.7,98,17.14,236.2,87,10.63,9.8,7,2.65,5,True
WA,141,408,398-9949,yes,yes,19,143.2,123,24.34,203.0,111,17.26,207.0,89,9.31,7.2,6,1.94,2,False
TN,144,510,374-6764,no,yes,27,253.5,120,43.1,156.1,76,13.27,192.1,100,8.64,13.3,5,3.59,3,True
OH,101,415,348-1346,no,no,0,205.2,120,34.88,232.3,95,19.75,172.6,96,7.77,8.2,3,2.21,5,False
FL,134,510,342-3718,yes,yes,29,219.4,81,37.3,257.1,85,21.85,233.8,93,10.52,13.1,7,3.54,1,True
TX,90,415,384-7836,yes,yes,33,185.4,95,31.52,190.8,85,16.22,233.4,92,10.5,11.2,3,3.02,2,True
LA,105,408,314-2394,no,no,0,132.1,83,22.46,248.2,77,21.1,240.8,118,10.84,14.0,4,3.78,0,False
NC,57,408,357-8974,no,yes,28,172.8,94,29.38,189.6,105,16.12,201.7,116,9.08,13.3,2,3.59,5,True
IN,131,510,372-5008,yes,no,0,142.2,110,24.17,233.1,81,19.81,167.6,90,7.54,12.6,5,3.4,0,True
PA,53,415,370-5723,yes,no,0,181.2,83,30.8,220.5,116,18.74,230.0,85,10.35,13.2,7,3.56,0,True
IN,97,415,386-9425,yes,no,0,230.6,124,39.2,179.0,76,15.22,216.0,92,9.72,7.5,3,2.03,4,True
IL,107,415,320-6556,yes,yes,16,129.0,84,21.93,208.5,80,17.72,248.3,113,11.17,9.7,6,2.62,5,False
WI,145,415,350-2070,yes,no,0,235.8,125,40.09,228.9,87,19.46,235.8,103,10.61,12.3,5,3.32,1,True
OH,66,415,372-6384,no,yes,16,253.9,106,43.16,218.9,85,18.61,194.1,120,8.73,10.6,2,2.86,5,False
GA,121,415,398-2829,no,yes,21,174.5,92,29.67,227.1,85,19.3,226.7,113,10.2,9.3,5,2.51,3,False
MO,102,510,353-2216,no,yes,37,205.7,96,34.97,156.6,75,13.31,239.1,89,10.76,9.8,3,2.65,0,False
WA,132,408,343-6097,yes,yes,25,170.3,114,28.95,170.2,107,14.47,245.7,116,11.06,11.7,7,3.16,3,False
TX,116,415,337-4835,yes,yes,20,257.5,114,43.78,190.9,77,16.23,220.3,108,9.91,12.7,5,3.43,4,False
CA,87,408,394-7026,yes,yes,20,145.6,111,24.75,151.9,110,12.91,187.5,101,8.44,9.7,7,2.62,5,True
WI,143,415,349-4535,yes,yes,16,167.5,102,28.48,234.3,109,19.92,157.9,85,7.11,10.3,6,2.78,4,False
IN,128,510,396-6502,no,no,0,225.2,88,38.28,231.0,118,19.64,152.6,103,6.87,13.7,7,3.7,4,True
GA,141,510,330-5888,yes,yes,35,198.3,91,33.71,239.1,109,20.32,240.7,106,10.83,11.6,5,3.13,4,True
VA,102,408,309-1295,yes,yes,25,251.3,100,42.72,193.2,90,16.42,166.0,111,7.47,10.4,6,2.81,4,False
TN,108,408,395-3955,no,no,0,252.0,104,42.84,208.2,100,17.7,231.9,116,10.44,11.7,6,3.16,5,True
TN,126,408,341-7765,yes,no,0,214.7,84,36.5,212.9,103,18.1,248.7,109,11.19,10.9,4,2.94,3,True
NY,76,408,341-6997,no,yes,40,168.2,121,28.59,171.5,103,14.58,219.7,107,9.89,11.7,6,3.16,1,False
MO,101,415,390-1815,no,yes,34,240.9,109,40.95,185.7,99,15.78,211.9,88,9.54,13.3,5,3.59,5,False
VA,150,510,334-7286,no,no,0,124.5,88,21.17,183.6,92,15.61,209.3,107,9.42,12.1,3,3.27,4,True
VA,118,408,366-2996,no,yes,33,181.2,98,30.8,159.6,117,13.57,190.9,92,8.59,8.9,7,2.4,5,True
IN,114,415,353-3544,yes,yes,32,227.2,97,38.62,169.0,113,14.37,152.6,98,6.87,12.9,7,3.48,3,True
PA,109,408,341-4799,yes,no,0,226.0,94,38.42,260.0,108,22.1,207.6,91,9.34,7.7,3,2.08,1,False
IN,59,510,397-5932,no,no,0,156.3,92,26.57,198.3,82,16.86,227.9,99,10.26,12.8,4,3.46,0,False
OH,141,510,376-6285,no,no,0,201.4,87,34.24,216.1,88,18.37,193.2,92,8.69,11.1,3,3.0,0,False
MO,150,510,355-7842,yes,yes,31,203.7,117,34.63,145.4,103,12.36,187.1,105,8.42,7.5,5,2.03,4,True
IN,143,415,341-5052,no,yes,30,201.8,84,34.31,200.7,82,17.06,183.2,103,8.24,7.4,5,2.0,5,True
AZ,65,510,397-9749,no,yes,29,142.1,99,24.16,229.1,104,19.47,229.0,91,10.3,10.8,3,2.92,5,False
IL,121,510,395-5992,yes,yes,31,192.1,120,32.66,165.6,118,14.08,177.2,94,7.97,11.0,2,2.97,1,False
LA,96,408,338-2353,yes,yes,31,215.0,84,36.55,226.8,117,19.28,233.3,104,10.5,10.0,2,2.7,3,True
NY,59,408,340-3452,no,no,0,172.8,108,29.38,196.6,112,16.71,183.1,116,8.24,11.0,7,2.97,1,False
AZ,52,408,350-6327,yes,yes,38,212.3,96,36.09,235.2,110,19.99,175.6,118,7.9,10.7,2,2.89,2,True
IL,79,510,339-9564,yes,yes,35,235.9,94,40.1,161.6,94,13.74,214.5,104,9.65,11.3,5,3.05,3,True
WA,88,510,325-3592,no,yes,30,204.4,102,34.75,223.1,96,18.96,174.4,100,7.85,10.9,7,2.94,1,False
WA,110,415,357-4302,yes,no,0,148.9,119,25.31,244.3,118,20.77,245.6,87,11.05,7.6,4,2.05,2,True
FL,104,408,332-9506,yes,no,0,133.1,93,22.63,145.5,104,12.37,214.8,108,9.67,8.2,2,2.21,4,True
MO,103,408,301-8890,no,yes,19,182.3,80,30.99,237.5,114,20.19,194.0,110,8.73,13.3,5,3.59,3,False
IN,71,510,370-3701,no,yes,22,190.6,118,32.4,252.3,91,21.45,229.0,116,10.3,11.7,6,3.16,2,False
FL,126,408,374-8288,no,no,0,133.0,92,22.61,204.9,79,17.42,224.6,110,10.11,7.9,7,2.13,4,False
WA,134,408,387-5811,yes,no,0,228.3,105,38.81,249.3,93,21.19,247.6,86,11.14,8.5,2,2.29,4,True
CO,83,415,352-8997,no,yes,28,202.8,114,34.48,254.9,112,21.67,186.3,91,8.38,12.7,3,3.43,1,False
FL,124,408,341-3992,no,no,0,169.2,106,28.76,202.1,86,17.18,153.5,95,6.91,9.9,3,2.67,4,False
NY,84,415,399-3612,yes,yes,39,250.2,110,42.53,224.6,81,19.09,150.1,92,6.75,10.1,5,2.73,3,True
WI,145,408,398-4315,no,no,0,205.5,98,34.94,186.2,120,15.83,166.8,100,7.51,8.8,3,2.38,5,False
TN,83,510,336-3710,yes,no,0,183.2,110,31.14,180.0,119,15.3,232.9,85,10.48,7.7,3,2.08,0,False
PA,124,510,363-7805,yes,no,0,172.9,95,29.39,170.2,92,14.47,163.0,111,7.33,10.7,4,2.89,5,True
WI,54,510,358-9615,no,yes,34,137.7,83,23.41,188.8,109,16.05,155.9,119,7.02,9.6,2,2.59,0,False
MO,82,408,386-1307,no,no,0,226.6,92,38.52,248.2,120,21.1,198.3,98,8.92,7.2,5,1.94,5,True
TN,141,415,325-8916,no,no,0,231.3,91,39.32,245.5,75,20.87,229.1,96,10.31,7.9,3,2.13,4,True
FL,52,408,369-5501,yes,yes,18,150.4,100,25.57,206.1,110,17.52,219.4,107,9.87,9.8,3,2.65,0,True
WI,131,415,352-5331,no,no,0,239.4,119,40.7,222.4,113,18.9,236.3,103,10.63,9.7,2,2.62,2,True
MO,116,510,352-1466,no,no,0,131.0,90,22.27,226.1,111,19.22,163.8,95,7.37,11.2,7,3.02,2,False
VA,123,510,378-9977,no,no,0,259.2,118,44.06,185.6,113,15.78,230.5,100,10.37,11.1,3,3.0,5,False
CA,78,415,365-6268,yes,no,0,148.6,80,25.26,237.8,99,20.21,170.4,92,7.67,10.5,2,2.83,1,True
WI,67,415,351-3026,yes,yes,29,139.7,116,23.75,195.6,93,16.63,220.4,90,9.92,9.4,6,2.54,3,False
WA,110,510,306-5756,yes,yes,20,147.5,95,25.08,176.7,99,15.02,151.5,114,6.82,11.1,7,3.0,1,True
GA,75,510,307-8965,no,yes,35,152.0,90,25.84,200.1,90,17.01,157.9,101,7.11,11.1,6,3.0,3,False
VA,69,510,361-5402,no,yes,34,214.6,92,36.48,148.4,84,12.61,177.2,109,7.97,9.5,6,2.57,0,False
WI,148,415,347-3104,yes,yes,25,167.0,90,28.39,247.8,87,21.06,170.2,107,7.66,13.1,5,3.54,0,True
WA,140,415,318-3352,no,no,0,128.5,96,21.85,175.5,97,14.92,206.4,87,9.29,11.1,5,3.0,1,False
MI,63,408,341-7085,no,no,0,152.1,122,25.86,169.2,104,14.38,205.4,96,9.24,8.8,2,2.38,1,False
CO,145,408,363-2516,no,no,0,201.5,119,34.26,154.3,76,13.12,180.0,101,8.1,13.2,2,3.56,5,True
GA,103,510,375-3193,no,yes,34,209.9,113,35.68,171.6,88,14.59,169.2,120,7.61,11.0,3,2.97,0,False
TX,107,408,372-4192,yes,yes,22,196.9,81,33.47,227.4,81,19.33,193.6,103,8.71,8.8,4,2.38,1,True
TX,50,510,318-6441,yes,yes,18,162.9,92,27.69,189.4,80,16.1,164.4,90,7.4,12.7,2,3.43,3,False
CO,145,510,390-4321,no,yes,37,197.1,89,33.51,157.7,76,13.4,159.6,117,7.18,7.1,4,1.92,3,False
FL,68,415,362-4496,yes,yes,26,249.2,103,42.36,251.2,89,21.35,156.4,102,7.04,11.1,6,3.0,4,True
GA,142,415,316-9224,no,no,0,198.1,87,33.68,254.6,76,21.64,188.6,94,8.49,9.9,7,2.67,1,False
CA,71,415,393-4787,yes,yes,36,259.8,101,44.17,169.9,87,14.44,184.2,113,8.29,11.9,5,3.21,4,False
MI,70,510,398-1794,no,yes,34,228.4,110,38.83,216.2,78,18.38,239.7,92,10.79,7.9,5,2.13,1,False
AZ,124,510,311-2786,yes,no,0,122.4,124,20.81,257.4,113,21.88,232.0,88,10.44,8.0,2,2.16,2,True
NY,107,408,302-1169,yes,no,0,219.1,114,37.25,248.0,104,21.08,153.1,89,6.89,13.5,4,3.65,5,False
WI,138,415,359-4656,yes,yes,22,158.8,123,27.0,212.4,97,18.05,234.8,119,10.57,7.7,2,2.08,1,True
AZ,76,415,361-6966,yes,yes,23,158.1,108,26.88,209.9,94,17.84,194.7,113,8.76,8.6,6,2.32,2,True
WA,78,408,306-2165,yes,no,0,208.5,108,35.45,164.8,116,14.01,216.8,94,9.76,11.9,6,3.21,2,True
TN,86,415,339-3199,yes,yes,35,209.4,99,35.6,149.6,92,12.72,166.5,97,7.49,10.2,5,2.75,5,True
VA,114,408,300-9223,no,yes,34,204.2,121,34.71,225.6,105,19.18,176.6,90,7.95,8.5,3,2.29,1,False
IN,100,415,397-5216,no,no,0,130.4,95,22.17,140.3,76,11.93,194.0,100,8.73,8.8,5,2.38,5,True
MO,138,415,345-8869,no,yes,26,185.7,107,31.57,151.5,93,12.88,171.1,114,7.7,13.3,7,3.59,4,True
NY,103,415,300-2231,yes,no,0,132.5,97,22.53,222.9,82,18.95,166.3,116,7.48,8.0,2,2.16,1,False
AZ,105,408,358-3872,no,yes,19,203.9,88,34.66,234.8,106,19.96,188.5,113,8.48,10.2,5,2.75,1,False
IN,111,415,351-5849,yes,yes,26,139.7,91,23.75,241.1,120,20.49,167.0,94,7.51,9.3,3,2.51,4,False
WA,91,415,378-6681,no,no,0,243.5,106,41.4,167.2,103,14.21,185.1,96,8.33,7.9,3,2.13,5,False
TX,89,415,311-3620,yes,yes,15,204.1,86,34.7,170.5,75,14.49,215.0,104,9.67,12.2,7,3.29,1,False
CO,70,415,358-4424,no,yes,27,188.3,106,32.01,179.0,81,15.22,243.3,104,10.95,7.9,7,2.13,4,True
FL,112,408,331-4094,yes,no,0,127.9,121,21.74,253.1,95,21.51,247.7,102,11.15,9.7,5,2.62,2,True
IN,65,415,368-3809,yes,yes,28,160.4,99,27.27,212.0,104,18.02,218.3,119,9.82,10.7,3,2.89,2,True
MI,78,408,306-1187,yes,no,0,188.5,113,32.05,183.9,79,15.63,194.8,95,8.77,10.6,6,2.86,2,False
GA,76,510,357-1254,yes,no,0,162.3,114,27.59,149.2,110,12.68,193.6,109,8.71,8.1,7,2.19,4,True
MO,126,510,373-3700,no,yes,39,225.3,122,38.3,245.3,115,20.85,169.5,93,7.63,13.4,3,3.62,4,False
GA,64,408,363-2640,no,yes,28,216.9,109,36.87,140.1,81,11.91,170.8,105,7.69,9.1,6,2.46,1,False
IN,135,408,394-6979,no,no,0,168.1,98,28.58,164.0,117,13.94,247.4,104,11.13,8.3,6,2.24,5,True
LA,138,510,351-3889,yes,no,0,226.2,102,38.45,180.3,103,15.33,172.6,98,7.77,10.2,2,2.75,4,True
GA,113,510,370-5836,no,no,0,128.7,124,21.88,173.6,93,14.76,182.2,86,8.2,9.0,2,2.43,5,True
TX,147,408,372-2624,yes,no,0,208.2,119,35.39,151.5,85,12.88,200.6,91,9.03,8.4,7,2.27,1,True
IN,145,415,337-5987,no,no,0,228.1,97,38.78,230.4,99,19.58,232.3,90,10.45,11.9,7,3.21,1,False
FL,57,408,394-4708,no,yes,35,250.3,109,42.55,226.8,81,19.28,173.8,101,7.82,10.3,5,2.78,0,False
TX,116,510,359-5356,yes,no,0,237.3,110,40.34,201.4,117,17.12,196.2,92,8.83,9.8,4,2.65,3,True
PA,133,510,389-4565,yes,no,0,217.6,109,36.99,180.2,89,15.32,165.2,92,7.43,10.9,2,2.94,2,True
IL,100,510,375-9758,no,no,0,130.4,95,22.17,168.0,120,14.28,234.5,112,10.55,9.0,2,2.43,5,True
NC,55,510,302-6968,no,no,0,144.6,92,24.58,221.8,119,18.85,237.3,111,10.68,13.2,7,3.56,3,False
CA,121,408,342-8986,yes,no,0,223.8,91,38.05,148.6,97,12.63,194.3,112,8.74,9.2,5,2.48,1,True
TX,115,510,347-2948,no,yes,22,131.5,117,22.36,223.0,116,18.96,156.3,109,7.03,13.9,7,3.75,5,False
SC,118,408,308-5365,yes,yes,16,215.8,123,36.69,175.0,97,14.88,199.4,117,8.97,11.3,2,3.05,1,True
MO,110,510,358-6601,no,yes,20,148.6,99,25.26,157.9,81,13.42,173.5,107,7.81,9.9,6,2.67,5,False
AZ,70,415,374-4841,yes,yes,35,187.7,91,31.91,224.3,78,19.07,235.2,85,10.58,9.2,3,2.48,0,False
AZ,143,415,361-1372,yes,no,0,235.8,103,40.09,144.3,98,12.27,177.9,98,8.01,8.3,6,2.24,0,True
CA,72,415,339-1605,no,no,0,206.4,103,35.09,236.8,119,20.13,206.1,98,9.27,10.8,3,2.92,5,False
SC,67,415,377-4551,yes,yes,34,194.2,96,33.01,232.1,93,19.73,196.7,107,8.85,8.3,2,2.24,3,True
NC,92,408,355-6087,yes,no,0,204.4,122,34.75,199.4,117,16.95,213.3,99,9.6,7.0,4,1.89,1,True
MO,117,415,318-6822,yes,yes,24,161.0,106,27.37,247.1,99,21.0,219.4,105,9.87,13.9,6,3.75,4,True
VA,52,408,399-5242,no,no,0,220.7,109,37.52,237.3,75,20.17,230.2,110,10.36,10.9,5,2.94,1,False
CA,89,408,364-9751,no,no,0,218.8,121,37.2,248.8,85,21.15,224.7,99,10.11,9.7,5,2.62,0,False
WA,63,408,366-8073,no,no,0,166.3,100,28.27,158.0,98,13.43,198.4,105,8.93,10.2,6,2.75,5,True
WA,134,510,341-1496,no,no,0,249.8,120,42.47,246.6,75,20.96,206.7,115,9.3,7.8,4,2.11,4,True
LA,106,510,313-1849,yes,no,0,245.2,96,41.68,239.9,97,20.39,239.3,116,10.77,11.6,5,3.13,4,False
CA,148,415,307-9207,no,yes,30,206.4,86,35.09,197.9,118,16.82,185.1,99,8.33,13.6,6,3.67,3,False
NC,54,510,302-2446,no,no,0,237.3,124,40.34,222.0,103,18.87,205.6,87,9.25,8.8,3,2.38,2,True
VA,119,408,344-4847,no,yes,34,189.8,85,32.27,255.6,102,21.73,232.5,119,10.46,11.7,6,3.16,1,False
WA,131,510,370-6477,no,yes,32,158.6,116,26.96,210.1,113,17.86,179.9,104,8.1,12.1,4,3.27,2,False
TX,110,415,367-2063,yes,yes,28,253.6,118,43.11,148.7,105,12.64,203.0,113,9.13,12.9,7,3.48,5,True
SC,99,510,368-3510,no,no,0,177.3,110,30.14,147.3,107,12.52,183.7,98,8.27,10.8,7,2.92,4,False
TN,150,510,304-5084,no,yes,32,124.8,97,21.22,154.2,99,13.11,172.7,94,7.77,10.1,2,2.73,4,False
OH,133,510,339-4757,yes,no,0,181.4,98,30.84,177.3,116,15.07,166.8,90,7.51,10.5,5,2.83,5,False
FL,51,415,391-3381,yes,yes,25,196.0,118,33.32,160.5,120,13.64,153.2,120,6.89,12.6,3,3.4,3,False
LA,125,510,308-6926,no,yes,31,123.1,81,20.93,180.9,89,15.38,185.9,104,8.37,8.6,2,2.32,0,False
WA,95,408,398-2786,yes,yes,26,171.5,90,29.16,156.7,98,13.32,192.8,92,8.68,7.2,3,1.94,2,False
TN,83,408,357-6063,yes,yes,21,254.4,89,43.25,217.7,105,18.5,241.0,95,10.84,11.9,4,3.21,0,False
OH,107,408,398-5086,no,no,0,149.8,85,25.47,258.6,107,21.98,210.4,120,9.47,12.3,5,3.32,5,True
GA,86,510,335-1452,no,yes,39,258.9,108,44.01,202.5,88,17.21,194.4,113,8.75,8.7,2,2.35,1,True
PA,64,510,333-7840,no,yes,30,125.6,95,21.35,249.8,78,21.23,234.7,92,10.56,9.0,6,2.43,4,True
VA,70,415,315-9841,no,yes,39,166.7,103,28.34,167.7,98,14.25,227.7,107,10.25,11.1,6,3.0,4,False
VA,145,510,369-2202,yes,yes,25,143.4,111,24.38,178.2,105,15.15,175.8,92,7.91,11.4,6,3.08,5,True
CO,148,408,340-6081,no,no,0,240.7,97,40.92,237.8,117,20.21,196.2,108,8.83,13.2,7,3.56,2,True
TX,123,510,379-9594,yes,yes,36,240.4,116,40.87,155.7,119,13.23,164.7,115,7.41,7.8,5,2.11,3,True
FL,53,510,391-9076,no,yes,15,169.4,88,28.8,212.0,101,18.02,213.7,95,9.62,13.7,3,3.7,3,False
MI,110,408,359-4493,no,yes,38,206.3,122,35.07,248.0,88,21.08,188.2,87,8.47,12.0,7,3.24,0,False
WA,134,408,380-1856,yes,no,0,253.2,122,43.04,148.9,112,12.66,181.8,101,8.18,13.9,4,3.75,4,False
OH,58,510,389-2231,no,yes,39,228.6,116,38.86,220.1,103,18.71,241.4,109,10.86,13.3,3,3.59,1,False
TX,115,415,395-6412,yes,yes,21,141.2,93,24.0,190.3,101,16.18,239.4,105,10.77,12.0,3,3.24,2,False
CO,133,408,317-4500,no,yes,21,137.4,100,23.36,192.2,94,16.34,243.1,92,10.94,7.9,4,2.13,3,False
IN,131,510,317-8722,no,yes,25,228.4,120,38.83,226.4,109,19.24,240.6,109,10.83,7.5,2,2.03,5,False
PA,137,415,322-5833,yes,no,0,200.7,113,34.12,216.5,91,18.4,224.7,104,10.11,10.9,4,2.94,2,True
IL,96,408,360-3597,no,yes,26,242.8,80,41.28,213.3,76,18.13,200.2,91,9.01,11.0,6,2.97,1,False
PA,112,408,306-5545,yes,yes,28,133.3,101,22.66,238.8,116,20.3,184.9,88,8.32,12.5,3,3.38,5,True
LA,53,408,356-8226,yes,no,0,143.8,121,24.45,242.5,101,20.61,156.5,87,7.04,8.2,3,2.21,5,False
TX,100,415,385-2063,no,yes,20,254.3,85,43.23,181.8,84,15.45,174.3,85,7.84,7.0,6,1.89,2,True
NY,58,415,316-9629,yes,no,0,196.4,107,33.39,237.7,82,20.2,170.5,87,7.67,11.8,2,3.19,3,True
CA,50,408,395-9913,yes,yes,40,131.9,117,22.42,164.0,117,13.94,203.4,98,9.15,9.8,7,2.65,2,False
MI,61,510,394-6170,no,yes,27,196.6,101,33.42,199.0,100,16.92,192.4,105,8.66,9.2,5,2.48,1,False
TX,144,510,389-5009,no,no,0,135.0,97,22.95,199.0,94,16.92,202.2,94,9.1,12.0,2,3.24,0,False
SC,110,408,340-5998,yes,no,0,150.4,114,25.57,227.4,116,19.33,164.9,99,7.42,10.1,5,2.73,1,True
MI,123,510,312-2313,yes,no,0,132.6,114,22.54,146.5,88,12.45,154.2,108,6.94,7.8,2,2.11,5,True
NC,142,510,315-6218,yes,yes,21,128.3,117,21.81,258.6,112,21.98,181.3,112,8.16,12.2,3,3.29,0,True
PA,128,408,329-9010,no,no,0,172.1,94,29.26,161.2,89,13.7,181.6,110,8.17,12.3,2,3.32,3,False
GA,114,408,361-4966,no,no,0,144.0,94,24.48,212.6,119,18.07,159.9,101,7.2,7.3,3,1.97,1,False
SC,97,408,377-2055,no,yes,30,207.9,97,35.34,254.5,108,21.63,221.0,99,9.95,13.9,4,3.75,4,True
IL,69,408,313-7850,yes,yes,28,250.1,103,42.52,217.9,99,18.52,236.9,108,10.66,9.8,2,2.65,2,True
LA,113,408,344-1363,no,yes,20,198.2,93,33.69,188.6,75,16.03,221.5,103,9.97,12.8,4,3.46,1,False
GA,80,415,362-1303,no,yes,17,144.5,92,24.57,195.4,88,16.61,238.2,106,10.72,9.6,2,2.59,4,False
WA,101,408,359-7842,yes,yes,32,213.4,93,36.28,205.9,102,17.5,234.9,114,10.57,8.1,4,2.19,4,True
MI,65,510,368-8342,yes,no,0,165.4,105,28.12,200.8,78,17.07,236.2,118,10.63,9.3,5,2.51,3,False
OH,61,415,395-3703,no,no,0,229.9,109,39.08,254.0,77,21.59,224.2,99,10.09,13.1,6,3.54,5,False
WI,95,510,384-7903,yes,yes,39,174.7,112,29.7,245.8,75,20.89,164.6,109,7.41,9.8,6,2.65,3,False
AZ,147,408,355-8684,no,no,0,212.3,102,36.09,210.8,107,17.92,228.6,112,10.29,12.7,3,3.43,1,False
TX,118,408,327-8307,yes,yes,29,155.2,123,26.38,205.1,104,17.43,219.4,90,9.87,13.8,2,3.73,0,True
OH,82,415,340-6355,yes,no,0,188.3,119,32.01,214.4,113,18.22,150.7,89,6.78,9.1,2,2.46,4,False
PA,87,510,388-3648,yes,yes,29,151.6,120,25.77,233.4,93,19.84,179.8,112,8.09,7.3,6,1.97,5,True
LA,134,408,322-7359,yes,yes,21,188.7,121,32.08,190.2,80,16.17,190.4,96,8.57,7.6,4,2.05,0,True
SC,144,408,388-9458,no,no,0,256.4,86,43.59,212.6,83,18.07,207.4,88,9.33,7.5,5,2.03,4,True
TN,83,510,394-8990,yes,yes,24,230.7,80,39.22,156.7,84,13.32,154.3,109,6.94,9.0,6,2.43,1,True
CA,136,510,321-3984,yes,yes,16,122.7,95,20.86,240.5,92,20.44,184.9,102,8.32,9.9,3,2.67,0,True
GA,89,415,312-1365,no,yes,36,126.9,122,21.57,164.7,91,14.0,209.2,86,9.41,11.7,4,3.16,1,False
AZ,95,510,305-8766,yes,no,0,149.4,82,25.4,141.7,79,12.04,164.6,115,7.41,10.6,2,2.86,4,True
IN,148,415,356-7224,yes,yes,40,201.8,110,34.31,148.8,78,12.65,185.0,108,8.32,11.6,6,3.13,3,True
NC,141,408,372-8110,yes,yes,33,161.8,111,27.51,179.7,89,15.27,161.1,86,7.25,9.9,2,2.67,5,True
OH,82,510,327-5972,no,no,0,238.4,112,40.53,213.1,96,18.11,161.6,91,7.27,10.0,3,2.7,0,True
TX,103,415,370-4875,yes,yes,16,234.3,91,39.83,214.5,88,18.23,165.6,106,7.45,7.8,5,2.11,1,False
NY,110,510,332-2332,no,yes,15,233.9,80,39.76,235.3,101,20.0,225.1,85,10.13,7.4,2,2.0,3,True
CA,62,510,326-7702,no,yes,24,206.6,124,35.12,258.7,114,21.99,197.3,93,8.88,8.8,4,2.38,3,False
TN,138,408,377-2363,no,yes,33,206.1,86,35.04,148.9,118,12.66,204.0,97,9.18,7.2,7,1.94,3,False
SC,145,510,397-3450,yes,yes,36,237.8,109,40.43,185.3,79,15.75,241.9,106,10.89,8.7,5,2.35,5,True
NC,92,510,380-8626,no,no,0,255.8,87,43.49,144.3,97,12.27,198.8,104,8.95,9.8,3,2.65,2,True
CO,88,415,341-6798,no,no,0,232.0,104,39.44,248.3,112,21.11,170.4,90,7.67,10.7,7,2.89,5,False
WA,83,415,324-2379,no,yes,20,237.0,99,40.29,218.5,76,18.57,165.4,99,7.44,11.8,2,3.19,4,False
TN,125,510,345-5801,no,yes,24,135.1,102,22.97,249.5,82,21.21,231.6,86,10.42,9.5,5,2.57,5,True
SC,109,415,300-8032,no,yes,22,251.4,87,42.74,154.8,101,13.16,169.7,86,7.64,12.0,3,3.24,0,True
OH,103,415,365-6489,no,no,0,221.5,118,37.66,237.2,113,20.16,195.6,112,8.8,13.4,5,3.62,4,True
MO,101,408,318-3902,no,no,0,234.6,90,39.88,207.3,108,17.62,211.0,106,9.49,10.9,5,2.94,3,False
PA,111,510,324-3054,no,yes,23,249.0,82,42.33,208.9,85,17.76,197.4,89,8.88,10.5,6,2.83,4,True
NC,113,408,368-4669,no,no,0,234.8,106,39.92,204.1,116,17.35,181.4,99,8.16,9.3,7,2.51,3,True
VA,109,408,395-7728,no,yes,25,193.5,115,32.9,233.2,76,19.82,181.9,108,8.19,11.5,2,3.11,2,False
NY,88,415,319-6001,no,yes,33,239.3,81,40.68,207.8,95,17.66,237.7,113,10.7,8.3,6,2.24,1,False
SC,120,408,329-6125,no,no,0,258.9,93,44.01,198.6,75,16.88,205.4,109,9.24,9.6,4,2.59,0,True
IL,55,510,336-9832,yes,yes,22,160.4,111,27.27,173.9,83,14.78,191.2,115,8.6,12.6,3,3.4,2,False
IL,136,408,352-1416,no,no,0,126.2,93,21.45,182.1,102,15.48,154.1,104,6.93,9.8,4,2.65,4,False
MO,95,415,330-8288,yes,yes,17,231.1,93,39.29,190.3,81,16.18,165.0,117,7.42,9.8,2,2.65,4,False
OH,96,408,322-7572,yes,yes,36,132.0,87,22.44,161.4,82,13.72,208.8,106,9.4,10.3,5,2.78,2,False
WI,52,415,341-5144,no,no,0,173.6,83,29.51,247.1,95,21.0,202.9,101,9.13,9.9,7,2.67,1,False
AZ,100,415,322-6378,no,yes,33,158.2,87,26.89,253.5,108,21.55,172.4,120,7.76,12.6,4,3.4,2,False
WA,57,415,345-2134,yes,yes,28,137.1,106,23.31,173.1,109,14.71,182.1,111,8.19,13.3,7,3.59,1,True
IN,138,408,347-9639,no,yes,22,180.1,113,30.62,256.9,100,21.84,152.5,117,6.86,13.2,2,3.56,5,True
PA,112,408,377-5934,yes,yes,16,210.0,88,35.7,177.5,120,15.09,191.0,104,8.59,12.0,3,3.24,0,True
WA,103,510,305-3553,no,no,0,146.8,104,24.96,233.7,96,19.86,249.2,95,11.21,8.4,3,2.27,2,False
IN,60,408,313-6571,yes,yes,20,176.3,88,29.97,235.5,78,20.02,210.3,110,9.46,12.5,4,3.38,3,True
PA,147,510,322-7397,yes,no,0,147.1,113,25.01,224.1,95,19.05,227.4,116,10.23,9.1,2,2.46,3,False
GA,124,510,342-3610,yes,no,0,239.6,93,40.73,205.0,89,17.43,206.3,102,9.28,11.0,7,2.97,5,False
VA,131,415,336-1133,yes,yes,36,124.1,97,21.1,223.7,79,19.01,199.0,96,8.96,9.5,4,2.57,0,True
WI,65,510,386-1420,no,no,0,239.5,104,40.72,146.0,96,12.41,218.8,103,9.85,8.4,4,2.27,1,True
LA,108,415,338-9829,no,yes,33,245.6,102,41.75,200.1,80,17.01,202.5,110,9.11,13.4,4,3.62,5,False
PA,60,415,324-2910,yes,no,0,238.4,115,40.53,188.0,118,15.98,237.2,104,10.67,12.4,2,3.35,3,True
IN,114,510,360-5469,no,yes,40,233.7,122,39.73,234.6,90,19.94,220.7,104,9.93,8.8,3,2.38,4,False
GA,54,415,324-2797,no,yes,37,231.1,116,39.29,196.6,93,16.71,240.7,120,10.83,7.9,2,2.13,3,False
WI,100,415,372-8958,yes,no,0,230.0,119,39.1,199.4,117,16.95,218.7,107,9.84,8.2,5,2.21,4,True
GA,112,408,337-2997,yes,no,0,239.4,124,40.7,181.4,96,15.42,156.7,86,7.05,13.6,6,3.67,4,False
GA,87,510,310-6950,no,no,0,156.0,98,26.52,186.9,112,15.89,193.1,113,8.69,10.2,7,2.75,2,False
CO,110,408,357-6739,no,no,0,187.4,101,31.86,161.2,117,13.7,201.1,88,9.05,12.2,5,3.29,2,False
MI,84,408,359-5575,yes,yes,30,252.9,118,42.99,185.8,100,15.79,241.2,85,10.85,8.5,5,2.29,0,False
MI,76,510,300-5553,yes,yes,16,139.9,124,23.78,259.3,118,22.04,242.9,87,10.93,10.0,3,2.7,2,True
MI,146,510,323-1877,yes,yes,19,161.2,103,27.4,192.3,114,16.35,195.7,92,8.81,7.8,2,2.11,1,False
NC,85,415,315-4187,no,yes,19,177.4,108,30.16,192.1,79,16.33,213.2,97,9.59,11.9,4,3.21,1,False
MO,83,408,330-6163,yes,no,0,145.7,86,24.77,162.4,99,13.8,218.5,112,9.83,8.0,7,2.16,4,False
PA,91,510,372-1044,yes,no,0,253.7,100,43.13,242.8,96,20.64,237.0,120,10.66,11.1,2,3.0,4,True
VA,146,415,310-5965,no,yes,28,192.4,125,32.71,255.4,80,21.71,189.5,119,8.53,7.8,6,2.11,5,False
IN,98,510,382-2836,no,no,0,164.6,105,27.98,244.1,80,20.75,178.3,102,8.02,10.8,5,2.92,2,False
AZ,53,510,334-2632,no,no,0,143.8,114,24.45,176.9,90,15.04,247.3,118,11.13,13.6,6,3.67,3,False
GA,72,415,350-3039,no,no,0,171.1,100,29.09,181.6,85,15.44,211.4,96,9.51,9.0,7,2.43,0,False
PA,121,510,322-3016,yes,yes,40,169.2,83,28.76,232.4,80,19.75,211.0,115,9.49,13.1,5,3.54,0,True
IN,99,408,368-1010,yes,no,0,241.5,109,41.05,165.6,81,14.08,165.0,97,7.42,10.3,7,2.78,0,True
WA,54,408,347-1044,no,yes,29,256.5,122,43.61,210.3,85,17.88,230.8,105,10.39,11.5,5,3.11,1,False
FL,87,510,364-8708,yes,no,0,157.3,89,26.74,231.9,90,19.71,241.1,113,10.85,9.2,7,2.48,5,False
TN,142,510,341-6712,yes,yes,35,223.7,104,38.03,255.1,119,21.68,166.0,113,7.47,10.4,4,2.81,4,False
NY,123,408,328-6337,yes,yes,34,185.1,122,31.47,176.1,86,14.97,181.7,86,8.18,7.1,5,1.92,1,True
FL,64,408,360-2901,no,yes,20,245.3,90,41.7,155.9,75,13.25,211.4,118,9.51,8.5,6,2.29,3,True
MO,102,510,303-8149,no,no,0,229.2,107,38.96,150.7,120,12.81,207.0,111,9.31,13.9,7,3.75,4,False
IN,123,408,374-3453,yes,no,0,173.9,97,29.56,237.9,76,20.22,224.6,110,10.11,10.8,4,2.92,3,False
LA,88,415,365-8821,no,no,0,204.8,109,34.82,236.2,104,20.08,219.9,92,9.9,8.3,3,2.24,2,False
MO,64,415,332-6800,yes,no,0,175.2,97,29.78,165.6,109,14.08,164.4,113,7.4,11.7,4,3.16,5,False
TX,135,415,372-4386,no,no,0,230.9,112,39.25,191.9,94,16.31,155.0,89,6.97,8.4,3,2.27,3,True
MO,74,510,392-1539,yes,yes,20,218.5,101,37.15,150.4,84,12.78,234.3,85,10.54,9.5,4,2.57,4,False
CO,125,510,347-4586,yes,no,0,240.9,120,40.95,161.1,104,13.69,156.7,120,7.05,8.8,2,2.38,2,False
MI,123,510,364-4961,yes,yes,21,212.5,120,36.12,204.3,102,17.37,193.6,94,8.71,8.5,2,2.29,5,False
WA,130,415,397-2255,yes,no,0,197.8,116,33.63,154.0,98,13.09,239.0,87,10.75,11.7,6,3.16,4,False
IL,129,408,342-7430,no,yes,39,208.5,99,35.45,245.5,108,20.87,189.6,86,8.53,10.2,6,2.75,1,False
PA,94,415,378-8331,no,yes,20,245.4,98,41.72,143.4,82,12.19,189.6,111,8.53,10.3,6,2.78,1,False
AZ,150,408,318-5180,yes,no,0,140.7,87,23.92,255.6,97,21.73,165.0,103,7.42,9.5,7,2.57,2,True
VA,50,510,385-5050,yes,yes,36,249.1,111,42.35,256.1,89,21.77,153.6,119,6.91,9.1,4,2.46,5,False
AZ,109,408,332-4274,yes,yes,28,158.6,92,26.96,230.2,103,19.57,162.4,101,7.31,7.8,4,2.11,2,True
NY,137,408,300-1979,no,no,0,122.0,85,20.74,204.9,116,17.42,237.5,101,10.69,13.6,3,3.67,3,False
TN,128,408,386-5251,no,yes,16,140.6,87,23.9,251.4,106,21.37,161.6,104,7.27,9.0,6,2.43,3,False
WI,59,510,320-4797,no,yes,34,217.7,92,37.01,190.5,80,16.19,190.9,86,8.59,13.0,6,3.51,3,False
GA,126,408,374-1523,yes,yes,20,154.0,93,26.18,234.5,120,19.93,238.2,105,10.72,9.7,4,2.62,5,False
WA,142,510,323-5654,no,yes,16,166.5,92,28.31,166.2,120,14.13,199.3,105,8.97,13.7,4,3.7,2,False
GA,65,408,367-5425,no,yes,23,211.7,84,35.99,215.6,117,18.33,228.8,88,10.3,10.3,7,2.78,4,True
FL,144,408,331-3481,yes,yes,16,215.4,101,36.62,160.7,112,13.66,204.8,91,9.22,7.2,4,1.94,2,False
NY,120,415,327-1645,no,no,0,126.8,117,21.56,179.4,91,15.25,189.6,85,8.53,10.4,6,2.81,2,False
FL,103,510,346-8446,yes,no,0,187.1,81,31.81,153.8,78,13.07,187.9,108,8.46,12.3,6,3.32,5,False
TX,123,415,348-3754,no,yes,24,188.9,116,32.11,187.7,80,15.95,231.1,119,10.4,13.1,6,3.54,1,False
VA,146,415,315-6148,yes,no,0,244.2,80,41.51,181.6,119,15.44,231.2,99,10.4,13.6,2,3.67,5,False
OH,65,415,374-5406,yes,yes,25,211.6,119,35.97,163.5,101,13.9,213.9,101,9.63,11.2,2,3.02,4,True
TX,148,408,374-6134,yes,yes,21,212.6,112,36.14,222.9,80,18.95,174.6,88,7.86,8.0,6,2.16,2,True
WI,93,510,331-4201,no,no,0,183.9,103,31.26,215.1,91,18.28,238.0,85,10.71,13.3,7,3.59,2,False
NC,125,415,360-3464,no,yes,34,256.3,80,43.57,186.4,112,15.84,194.2,113,8.74,8.5,2,2.29,3,False
MO,78,510,355-1011,no,yes,27,244.4,115,41.55,241.4,101,20.52,226.7,111,10.2,8.4,7,2.27,3,False
CO,142,510,362-3992,yes,no,0,143.8,96,24.45,193.7,113,16.46,217.5,116,9.79,7.8,5,2.11,0,False
MO,131,408,359-6471,yes,yes,39,193.1,97,32.83,160.8,77,13.67,191.6,89,8.62,12.3,4,3.32,1,True
CA,54,408,390-7668,yes,no,0,142.4,118,24.21,207.4,116,17.63,169.5,113,7.63,13.8,2,3.73,0,False
LA,113,408,344-2562,no,no,0,256.3,92,43.57,253.3,117,21.53,150.4,85,6.77,8.2,2,2.21,0,True
PA,62,510,327-1362,no,no,0,154.9,119,26.33,211.4,113,17.97,194.9,90,8.77,10.8,4,2.92,2,False
TX,138,415,355-3102,no,yes,20,202.5,119,34.43,190.1,81,16.16,223.9,110,10.08,11.2,3,3.02,3,False
TX,133,415,358-1410,yes,no,0,185.8,115,31.59,209.6,91,17.82,159.3,114,7.17,11.7,5,3.16,3,True
MI,57,408,395-6728,no,no,0,250.2,99,42.53,231.6,96,19.69,209.8,107,9.44,13.7,3,3.7,5,False
AZ,147,408,330-7436,no,no,0,207.8,111,35.33,204.3,119,17.37,179.4,91,8.07,9.1,7,2.46,5,True
VA,71,510,355-7215,no,no,0,148.3,105,25.21,178.0,101,15.13,210.7,104,9.48,10.0,4,2.7,3,False
NY,72,415,348-1896,no,yes,31,184.0,97,31.28,204.4,100,17.37,242.3,91,10.9,11.6,5,3.13,1,False
MI,58,408,367-6149,no,yes,16,123.4,113,20.98,152.1,86,12.93,222.5,113,10.01,11.6,6,3.13,5,False
CA,52,510,320-5951,no,no,0,216.9,97,36.87,210.8,115,17.92,192.2,119,8.65,9.6,6,2.59,2,False
CA,123,415,304-9194,no,no,0,146.5,108,24.91,236.8,114,20.13,197.2,85,8.87,12.3,3,3.32,5,True
IN,137,408,324-7847,no,yes,38,236.5,115,40.21,252.8,116,21.49,159.7,86,7.19,11.8,7,3.19,4,False
WA,70,510,367-2899,no,yes,32,203.4,98,34.58,205.0,75,17.43,214.3,97,9.64,12.7,5,3.43,2,False
MO,55,510,328-3660,no,yes,29,167.6,101,28.49,158.0,83,13.43,220.5,116,9.92,9.0,2,2.43,5,False
MO,136,408,302-4097,yes,yes,27,190.1,93,32.32,174.9,118,14.87,249.9,100,11.25,12.6,6,3.4,4,True
AZ,103,408,397-3554,no,no,0,248.4,100,42.23,211.7,95,17.99,170.2,120,7.66,7.9,2,2.13,4,False
WA,77,415,327-8122,yes,no,0,147.9,85,25.14,146.0,81,12.41,223.3,104,10.05,12.4,4,3.35,4,True
SC,110,408,315-5782,no,yes,37,152.3,84,25.89,235.4,89,20.01,193.7,100,8.72,13.3,4,3.59,3,False
GA,90,510,354-2595,yes,yes,27,198.3,103,33.71,198.5,88,16.87,188.7,95,8.49,7.5,4,2.03,5,False
WI,69,415,372-3002,no,no,0,199.7,95,33.95,206.6,94,17.56,211.2,89,9.5,9.9,2,2.67,2,False
PA,81,415,324-6140,no,yes,26,176.0,105,29.92,256.3,81,21.79,169.5,120,7.63,11.0,5,2.97,1,False
IN,113,415,350-6843,no,no,0,170.2,95,28.93,259.6,78,22.07,219.5,112,9.88,10.4,3,2.81,4,True
CO,89,408,371-5889,yes,no,0,168.1,121,28.58,153.1,97,13.01,222.4,119,10.01,10.8,6,2.92,0,True
NY,119,408,321-5579,yes,yes,17,168.4,105,28.63,186.9,94,15.89,244.6,102,11.01,10.1,3,2.73,1,False
TN,136,415,324-5315,no,no,0,136.7,85,23.24,157.6,96,13.4,179.6,87,8.08,12.1,4,3.27,2,False
MI,147,510,312-5050,yes,yes,18,248.0,102,42.16,211.5,80,17.98,195.6,113,8.8,8.8,3,2.38,4,False
AZ,150,415,308-2503,yes,no,0,131.9,80,22.42,158.5,106,13.47,228.1,101,10.26,10.5,6,2.83,5,True
PA,80,415,382-4879,yes,yes,16,259.0,105,44.03,144.7,90,12.3,221.0,96,9.95,10.0,7,2.7,3,True
NC,96,408,312-4593,no,yes,37,166.7,118,28.34,147.3,85,12.52,212.9,116,9.58,9.1,3,2.46,2,False
TN,136,415,302-5937,yes,yes,16,191.0,122,32.47,164.7,96,14.0,183.7,94,8.27,11.2,7,3.02,4,False
PA,76,510,306-2576,yes,yes,28,218.9,113,37.21,156.1,113,13.27,229.0,119,10.3,7.0,6,1.89,4,False
LA,124,408,374-3983,no,yes,26,220.9,85,37.55,150.6,94,12.8,175.7,112,7.91,10.2,6,2.75,2,False
WI,112,510,364-4314,yes,yes,15,226.4,112,38.49,195.6,75,16.63,224.4,111,10.1,8.8,3,2.38,5,True
NY,72,510,375-7171,yes,yes,29,196.7,102,33.44,241.0,109,20.49,197.9,105,8.91,12.3,6,3.32,4,True
MO,136,415,374-1454,yes,yes,37,136.1,109,23.14,202.3,95,17.2,188.2,104,8.47,10.2,3,2.75,1,True
TX,97,510,338-8745,no,yes,23,243.7,92,41.43,233.2,89,19.82,169.3,108,7.62,9.0,7,2.43,0,False
SC,114,510,361-4791,no,no,0,172.5,125,29.33,179.5,112,15.26,198.7,112,8.94,10.2,7,2.75,4,True
CA,98,415,361-9112,yes,yes,17,184.7,122,31.4,144.6,100,12.29,227.8,90,10.25,12.7,2,3.43,0,False
SC,139,408,390-5719,no,yes,18,145.3,106,24.7,196.5,76,16.7,224.0,116,10.08,11.8,3,3.19,4,False
OH,132,510,338-4588,yes,no,0,141.6,98,24.07,183.9,107,15.63,168.1,110,7.56,11.3,6,3.05,5,False
WI,147,415,376-8439,no,no,0,161.3,91,27.42,195.8,82,16.64,172.4,100,7.76,7.5,6,2.03,5,True
TN,138,408,324-9335,yes,yes,39,145.2,116,24.68,153.1,104,13.01,238.3,105,10.72,13.8,2,3.73,0,False
LA,58,510,392-2609,no,yes,30,236.9,106,40.27,208.8,111,17.75,228.9,105,10.3,12.4,4,3.35,4,False
SC,122,510,358-4055,yes,yes,26,170.4,100,28.97,176.7,106,15.02,226.0,108,10.17,11.2,2,3.02,0,True
TN,117,510,325-6033,no,no,0,254.8,81,43.32,219.3,107,18.64,194.4,89,8.75,7.6,5,2.05,0,True
IL,68,408,380-8172,yes,no,0,188.0,80,31.96,196.6,111,16.71,163.3,100,7.35,11.6,5,3.13,3,True
LA,133,415,389-3985,no,no,0,123.7,120,21.03,140.8,81,11.97,189.7,88,8.54,12.3,4,3.32,5,False
SC,116,510,310-2674,yes,no,0,182.8,113,31.08,196.7,99,16.72,182.5,114,8.21,8.6,5,2.32,3,True
CO,119,408,323-2223,no,yes,27,140.8,116,23.94,201.1,109,17.09,237.3,119,10.68,9.2,5,2.48,3,False
NC,79,510,369-5465,yes,no,0,217.6,123,36.99,252.8,76,21.49,199.5,88,8.98,11.6,4,3.13,0,True
MO,147,408,329-3737,no,no,0,200.0,103,34.0,157.5,76,13.39,225.7,104,10.16,10.6,6,2.86,3,False
MO,121,510,373-3289,yes,yes,40,245.7,98,41.77,152.3,105,12.95,238.8,87,10.75,12.3,7,3.32,0,False
FL,62,510,362-5627,no,no,0,258.7,109,43.98,171.1,84,14.54,167.9,106,7.56,8.4,3,2.27,5,False
CA,123,415,342-6465,yes,yes,36,203.4,94,34.58,229.2,101,19.48,231.2,101,10.4,13.3,2,3.59,5,True
SC,79,408,372-7589,no,no,0,131.4,112,22.34,225.6,118,19.18,234.0,100,10.53,8.7,2,2.35,1,False
AZ,78,415,360-8322,no,yes,23,122.8,81,20.88,253.5,114,21.55,172.2,86,7.75,11.5,6,3.11,0,False
WI,136,408,358-6029,yes,no,0,169.9,107,28.88,222.8,115,18.94,214.5,87,9.65,12.0,6,3.24,2,True
WA,50,510,330-5882,yes,yes,34,184.4,116,31.35,150.3,107,12.78,178.1,96,8.01,10.3,3,2.78,5,False
MI,143,510,319-4745,no,no,0,216.5,104,36.8,182.5,79,15.51,243.2,100,10.94,8.1,3,2.19,1,False
WA,143,510,392-5917,no,yes,29,251.6,114,42.77,215.2,77,18.29,212.0,118,9.54,7.7,2,2.08,5,True
TN,145,415,338-6083,yes,no,0,174.5,90,29.67,207.4,118,17.63,211.8,112,9.53,7.7,3,2.08,0,True
WI,141,415,318-5395,no,yes,27,163.6,102,27.81,157.1,98,13.35,245.2,87,11.03,12.2,5,3.29,4,True
CA,58,408,387-2655,yes,yes,15,255.0,122,43.35,161.1,82,13.69,229.6,106,10.33,11.2,5,3.02,1,False
TN,109,415,336-5773,no,no,0,136.3,112,23.17,204.5,93,17.38,206.0,110,9.27,7.2,3,1.94,5,False
SC,104,408,328-8891,yes,yes,20,136.1,102,23.14,140.7,101,11.96,194.8,106,8.77,8.6,2,2.32,0,True
AZ,58,415,320-7123,yes,yes,38,230.6,84,39.2,236.5,116,20.1,188.8,92,8.5,12.4,7,3.35,0,True
MO,62,408,338-9087,no,yes,20,197.5,119,33.58,223.9,94,19.03,197.3,118,8.88,9.4,7,2.54,5,False
TN,119,408,300-7144,yes,yes,21,240.8,107,40.94,236.2,76,20.08,153.0,94,6.88,13.2,7,3.56,0,False
IN,110,415,347-5781,no,yes,35,185.9,82,31.6,160.2,101,13.62,181.7,86,8.18,13.7,2,3.7,0,False
TN,121,415,386-1643,yes,no,0,251.7,99,42.79,156.7,85,13.32,230.7,92,10.38,8.8,3,2.38,2,True
WA,134,408,303-5291,yes,no,0,144.1,98,24.5,209.8,112,17.83,192.3,101,8.65,8.8,7,2.38,1,False
CO,116,408,348-1352,yes,yes,15,200.1,91,34.02,168.6,106,14.33,153.6,119,6.91,13.0,6,3.51,1,False
OH,82,408,390-9564,no,no,0,208.7,84,35.48,242.2,117,20.59,193.1,102,8.69,9.2,5,2.48,3,False
IL,116,415,351-5735,no,yes,28,210.6,81,35.8,198.6,106,16.88,216.7,110,9.75,11.8,6,3.19,0,False
TX,51,415,366-9056,yes,no,0,247.1,116,42.01,236.9,107,20.14,197.8,106,8.9,11.1,3,3.0,2,False
TX,115,510,308-8501,no,no,0,195.4,82,33.22,145.7,110,12.38,232.3,106,10.45,9.3,6,2.51,3,False
CA,70,510,333-7185,no,no,0,168.6,118,28.66,253.4,109,21.54,240.1,117,10.8,10.7,7,2.89,1,False
AZ,60,510,314-3685,no,yes,22,151.3,101,25.72,252.6,116,21.47,248.1,110,11.16,13.2,5,3.56,3,False
CO,137,415,383-6431,no,no,0,147.7,103,25.11,189.5,80,16.11,182.1,107,8.19,9.2,6,2.48,3,False
LA,81,408,312-3443,yes,no,0,206.5,122,35.11,202.3,93,17.2,177.4,85,7.98,9.6,7,2.59,4,True
GA,101,408,344-3717,no,no,0,159.7,101,27.15,212.6,120,18.07,198.2,105,8.92,7.1,5,1.92,5,True
LA,147,408,343-9819,yes,yes,30,165.1,115,28.07,190.0,120,16.15,244.9,111,11.02,10.8,2,2.92,5,False
WI,92,408,336-2609,no,no,0,230.7,113,39.22,235.5,114,20.02,158.6,106,7.14,10.5,7,2.83,3,False
TX,108,415,342-2350,no,yes,33,157.7,102,26.81,259.0,83,22.02,162.3,108,7.3,10.6,5,2.86,1,False
TX,110,415,389-1473,yes,no,0,173.2,116,29.44,160.9,94,13.68,216.9,89,9.76,8.0,5,2.16,5,True
CA,119,510,371-2758,no,no,0,213.5,118,36.3,248.4,88,21.11,193.2,95,8.69,9.1,4,2.46,2,False
MI,111,510,347-1177,yes,yes,27,137.3,121,23.34,169.9,99,14.44,231.1,89,10.4,8.1,5,2.19,4,True
FL,100,415,326-9236,yes,yes,16,162.0,92,27.54,197.3,120,16.77,192.0,111,8.64,12.5,3,3.38,1,False
NY,149,415,315-4018,yes,yes,18,237.8,101,40.43,216.6,117,18.41,203.1,104,9.14,7.8,5,2.11,5,True
VA,96,510,396-3791,yes,no,0,240.6,111,40.9,194.8,90,16.56,193.3,118,8.7,9.3,4,2.51,2,False
IL,77,408,378-3169,no,yes,39,170.7,104,29.02,254.0,84,21.59,191.4,102,8.61,7.7,7,2.08,5,False
PA,73,510,398-6672,yes,yes,38,122.1,88,20.76,232.9,95,19.8,179.0,100,8.05,8.8,3,2.38,0,True
TN,92,510,338-7646,yes,yes,37,161.8,97,27.51,201.8,118,17.15,241.5,115,10.87,13.8,6,3.73,4,True
PA,58,415,393-1065,yes,no,0,245.1,116,41.67,176.6,104,15.01,152.3,87,6.85,8.1,6,2.19,5,True
CO,112,415,338-4055,yes,yes,37,152.6,124,25.94,241.2,78,20.5,237.6,103,10.69,13.4,3,3.62,1,True
WI,112,510,374-2092,yes,yes,32,194.6,125,33.08,171.3,83,14.56,175.8,113,7.91,9.3,6,2.51,5,True
OH,84,415,376-6304,yes,no,0,181.9,84,30.92,170.4,115,14.48,235.5,116,10.6,9.8,6,2.65,3,True
TN,136,408,312-5019,no,yes,15,178.6,121,30.36,163.9,90,13.93,209.9,96,9.45,10.9,4,2.94,2,False
TX,59,510,312-8290,yes,no,0,192.4,96,32.71,185.4,96,15.76,234.1,100,10.53,8.2,2,2.21,2,True
AZ,97,510,303-8384,yes,no,0,182.9,101,31.09,224.7,83,19.1,242.5,115,10.91,7.6,6,2.05,0,True
CA,62,415,323-7705,no,yes,32,168.1,101,28.58,165.0,101,14.03,153.8,103,6.92,9.9,6,2.67,5,False
MO,52,415,361-6957,no,no,0,215.2,107,36.58,243.7,108,20.71,190.4,93,8.57,12.6,6,3.4,5,True
TN,104,408,330-5907,yes,yes,22,201.3,112,34.22,222.6,103,18.92,195.2,101,8.78,7.1,7,1.92,5,True
TX,56,408,372-6860,yes,yes,21,190.4,125,32.37,171.7,75,14.59,163.5,87,7.36,9.9,5,2.67,2,True
AZ,144,408,382-6225,no,yes,40,208.4,117,35.43,228.4,107,19.41,173.9,109,7.83,8.0,5,2.16,0,False
OH,86,415,367-3381,yes,yes,21,226.6,91,38.52,253.8,76,21.57,217.2,109,9.77,13.0,3,3.51,2,True
TN,75,510,311-6315,yes,yes,16,221.8,119,37.71,155.5,82,13.22,241.9,116,10.89,10.6,5,2.86,3,True
PA,136,415,393-5258,yes,yes,20,196.8,99,33.46,215.3,92,18.3,219.9,110,9.9,11.2,4,3.02,3,True
FL,136,510,345-4422,no,yes,38,203.6,104,34.61,173.2,83,14.72,189.7,98,8.54,8.2,2,2.21,1,False
WI,103,510,378-5188,yes,no,0,184.1,121,31.3,199.8,91,16.98,245.7,117,11.06,12.9,7,3.48,5,True
GA,117,408,385-3617,yes,no,0,200.1,84,34.02,154.8,75,13.16,178.3,117,8.02,7.6,6,2.05,5,True
NC,79,510,367-2189,no,no,0,254.5,80,43.27,223.1,80,18.96,190.5,106,8.57,13.2,6,3.56,4,False
WI,67,415,388-6000,no,yes,29,156.5,84,26.61,257.8,119,21.91,169.8,108,7.64,7.1,5,1.92,1,False
NC,99,408,324-5696,yes,yes,28,238.3,85,40.51,199.1,96,16.92,190.5,97,8.57,10.4,2,2.81,0,True
SC,80,415,319-2819,yes,no,0,252.9,102,42.99,163.8,90,13.92,179.8,101,8.09,11.4,7,3.08,3,False
NY,91,510,363-3535,no,yes,25,131.8,105,22.41,156.4,85,13.29,169.2,118,7.61,10.3,4,2.78,5,True
FL,120,408,332-6153,no,yes,35,191.2,81,32.5,229.4,113,19.5,180.8,97,8.14,10.5,5,2.83,4,False
IL,136,510,393-8135,yes,no,0,204.8,97,34.82,217.2,112,18.46,207.9,94,9.36,10.7,2,2.89,1,False
IL,145,510,391-9703,yes,yes,35,197.6,118,33.59,167.7,116,14.25,194.7,119,8.76,11.6,5,3.13,4,True
WA,79,510,352-2419,yes,no,0,238.4,111,40.53,200.7,86,17.06,214.3,95,9.64,11.1,2,3.0,0,False
AZ,84,408,306-6964,no,yes,30,181.1,81,30.79,204.8,104,17.41,234.2,91,10.54,12.6,6,3.4,0,False
WA,83,415,342-7385,yes,yes,37,139.8,85,23.77,197.5,75,16.79,249.3,115,11.22,8.3,2,2.24,0,False
WA,136,415,349-3700,no,no,0,124.2,117,21.11,198.5,103,16.87,196.3,109,8.83,10.3,5,2.78,0,False
TX,91,408,387-6920,yes,no,0,153.9,97,26.16,160.8,102,13.67,225.8,88,10.16,13.7,5,3.7,1,True
TX,144,408,335-5752,yes,yes,39,174.3,118,29.63,165.7,107,14.08,198.5,109,8.93,10.1,4,2.73,0,False
AZ,112,415,310-8280,yes,no,0,158.3,96,26.91,141.7,89,12.04,158.5,113,7.13,7.4,6,2.0,0,False
PA,72,510,339-1955,no,no,0,195.6,83,33.25,214.5,84,18.23,158.6,119,7.14,10.2,4,2.75,5,False
TX,76,415,310-3520,yes,yes,20,250.0,125,42.5,221.4,93,18.82,218.3,93,9.82,9.6,5,2.59,0,False
AZ,69,510,351-2690,no,yes,40,161.7,104,27.49,236.7,93,20.12,219.4,94,9.87,13.6,2,3.67,1,False
VA,88,408,366-8734,no,no,0,225.1,88,38.27,203.1,87,17.26,186.3,99,8.38,7.9,5,2.13,5,True
IL,58,415,375-2120,yes,yes,32,141.6,119,24.07,161.1,79,13.69,224.6,87,10.11,11.5,5,3.11,4,False
NY,104,408,359-3124,no,yes,39,130.2,112,22.13,222.5,113,18.91,196.7,116,8.85,8.0,5,2.16,1,False
IN,104,415,316-6421,yes,yes,37,206.1,107,35.04,184.3,112,15.67,208.7,104,9.39,12.5,6,3.38,2,True
CA,120,408,369-1075,no,no,0,216.1,123,36.74,201.5,99,17.13,184.4,96,8.3,13.8,7,3.73,1,False
NC,88,510,397-6730,no,yes,19,210.0,125,35.7,176.6,100,15.01,173.8,118,7.82,13.8,6,3.73,5,False
WA,119,510,394-6881,no,no,0,235.9,112,40.1,186.1,108,15.82,188.2,114,8.47,8.6,6,2.32,5,False
LA,58,510,302-6188,no,yes,37,211.2,121,35.9,230.5,88,19.59,219.4,87,9.87,9.4,7,2.54,3,False
VA,107,415,335-6229,yes,yes,17,127.3,121,21.64,183.9,75,15.63,238.5,117,10.73,8.5,5,2.29,2,True
SC,127,408,377-6097,yes,no,0,226.8,85,38.56,218.4,105,18.56,160.3,108,7.21,10.0,4,2.7,2,True
NC,62,510,392-6231,no,yes,28,159.3,117,27.08,159.1,107,13.52,199.4,99,8.97,10.0,7,2.7,4,True
PA,68,415,347-5382,yes,yes,30,246.5,107,41.91,155.0,95,13.18,238.3,102,10.72,8.4,3,2.27,4,False
MO,51,415,319-2182,no,no,0,212.7,97,36.16,169.9,116,14.44,152.5,110,6.86,9.5,3,2.57,0,False
TN,107,415,372-4045,no,no,0,131.2,100,22.3,152.8,105,12.99,232.0,113,10.44,11.0,2,2.97,0,False
OH,70,510,312-9231,yes,no,0,157.4,108,26.76,252.5,76,21.46,201.4,97,9.06,13.3,5,3.59,3,True
MO,81,415,351-6201,no,yes,28,151.3,102,25.72,150.4,85,12.78,163.7,104,7.37,7.4,6,2.0,0,False
VA,56,510,383-6917,yes,yes,23,247.4,120,42.06,157.5,89,13.39,177.7,91,8.0,9.0,4,2.43,4,True
TN,52,510,357-1779,no,no,0,160.5,116,27.29,156.4,76,13.29,242.5,86,10.91,7.6,3,2.05,1,False
NY,89,510,318-5909,yes,no,0,141.4,81,24.04,199.3,75,16.94,164.0,108,7.38,11.2,3,3.02,5,False
VA,86,408,387-8185,yes,no,0,191.4,123,32.54,166.2,78,14.13,216.2,106,9.73,10.2,6,2.75,3,False
NY,104,510,312-3588,yes,no,0,254.2,91,43.21,141.0,117,11.99,167.3,102,7.53,12.9,2,3.48,3,True
TN,100,408,301-8431,yes,yes,40,156.3,123,26.57,145.1,75,12.33,169.1,119,7.61,12.9,4,3.48,2,True
CA,91,415,395-9207,no,no,0,155.2,96,26.38,186.6,90,15.86,202.5,104,9.11,10.1,5,2.73,5,False
GA,73,510,370-6693,yes,yes,36,175.8,91,29.89,190.9,100,16.23,177.0,94,7.96,10.4,7,2.81,4,False
NC,88,415,359-2465,yes,yes,25,152.0,85,25.84,246.0,92,20.91,247.8,87,11.15,8.4,4,2.27,5,True
CO,148,415,368-2635,yes,yes,20,143.7,94,24.43,187.7,112,15.95,152.0,97,6.84,12.2,4,3.29,1,True
WA,113,408,351-3515,no,no,0,153.7,111,26.13,191.7,85,16.29,204.0,104,9.18,12.0,5,3.24,5,True
WI,134,408,356-2524,no,yes,40,128.5,111,21.85,194.8,87,16.56,159.1,114,7.16,10.5,6,2.83,4,False
CO,113,415,313-4403,yes,yes,36,122.4,103,20.81,204.3,119,17.37,150.8,85,6.79,13.6,6,3.67,2,False
OH,90,510,388-7490,yes,no,0,198.5,85,33.75,179.6,118,15.27,190.0,116,8.55,12.6,6,3.4,3,True
PA,53,408,320-4638,no,yes,32,217.0,86,36.89,148.4,76,12.61,212.9,112,9.58,9.8,6,2.65,0,False
NY,102,415,335-4912,no,yes,18,226.4,121,38.49,214.3,114,18.22,157.1,119,7.07,10.9,7,2.94,2,False
SC,111,510,352-8016,yes,no,0,131.7,98,22.39,256.3,96,21.79,176.2,119,7.93,13.4,4,3.62,2,True
PA,105,415,373-6016,no,yes,38,159.2,90,27.06,151.3,116,12.86,233.0,111,10.48,8.9,3,2.4,3,False
PA,126,415,347-6237,no,no,0,203.8,108,34.65,145.3,108,12.35,216.1,109,9.72,13.4,4,3.62,2,False
TX,50,510,361-8498,yes,yes,33,168.8,124,28.7,216.8,92,18.43,175.2,110,7.88,8.8,6,2.38,4,True
FL,97,408,300-3258,yes,no,0,148.4,114,25.23,181.0,95,15.39,172.0,107,7.74,7.8,4,2.11,2,False
CA,105,510,336-6504,no,yes,24,240.2,114,40.83,182.2,80,15.49,153.7,101,6.92,10.9,7,2.94,3,False
OH,109,510,383-9196,yes,no,0,146.9,85,24.97,216.7,87,18.42,221.7,108,9.98,10.7,2,2.89,1,True
SC,105,415,354-9481,no,yes,18,218.1,82,37.08,256.0,104,21.76,171.1,117,7.7,9.1,5,2.46,1,False
MI,123,415,360-6132,yes,yes,40,172.1,121,29.26,175.1,113,14.88,183.2,96,8.24,12.7,6,3.43,0,False
LA,87,415,371-7741,no,yes,31,126.1,106,21.44,254.6,88,21.64,181.9,117,8.19,10.6,3,2.86,2,False
CA,132,415,320-1265,no,no,0,175.6,115,29.85,213.0,82,18.11,150.8,96,6.79,11.3,3,3.05,5,True
PA,139,510,355-3775,no,no,0,143.7,112,24.43,174.8,110,14.86,185.6,105,8.35,7.7,3,2.08,0,False
PA,148,510,380-3992,yes,no,0,257.0,81,43.69,240.2,89,20.42,196.4,89,8.84,7.8,2,2.11,3,True
MO,121,408,357-6091,yes,yes,22,142.4,88,24.21,234.8,89,19.96,228.1,92,10.26,10.8,2,2.92,1,False
FL,110,510,363-7750,no,yes,29,207.1,118,35.21,143.4,91,12.19,242.1,120,10.89,11.6,6,3.13,0,False
NY,62,415,346-1625,no,no,0,210.1,111,35.72,239.5,85,20.36,164.6,107,7.41,12.0,2,3.24,5,True
WI,135,510,313-8368,no,yes,18,124.8,82,21.22,195.6,90,16.63,168.1,96,7.56,9.6,5,2.59,1,False
IN,149,408,354-7184,no,no,0,231.1,119,39.29,246.2,78,20.93,200.1,85,9.0,10.3,6,2.78,0,True
NC,107,510,322-7167,no,no,0,160.2,103,27.23,188.9,92,16.06,164.1,112,7.38,7.4,4,2.0,3,False
WI,132,415,353-1762,no,yes,37,205.1,123,34.87,178.8,83,15.2,193.5,96,8.71,12.2,2,3.29,3,False
SC,147,408,349-2687,yes,yes,33,228.8,82,38.9,250.6,120,21.3,171.1,89,7.7,13.4,7,3.62,5,True
NC,97,408,319-8209,yes,no,0,248.0,98,42.16,144.3,114,12.27,249.3,99,11.22,10.3,7,2.78,0,True
CA,93,510,319-8439,yes,no,0,159.5,87,27.12,212.1,88,18.03,195.2,87,8.78,7.5,3,2.03,3,False
CO,50,408,397-2677,yes,no,0,224.9,88,38.23,164.2,105,13.96,171.6,105,7.72,13.8,7,3.73,2,True
IN,54,408,316-3286,no,no,0,209.0,109,35.53,155.9,81,13.25,159.8,108,7.19,10.4,2,2.81,5,True
OH,138,510,390-7609,no,yes,26,205.1,109,34.87,153.3,113,13.03,199.4,85,8.97,12.1,3,3.27,5,False
WI,142,510,379-8301,yes,no,0,174.4,80,29.65,155.2,85,13.19,242.8,97,10.93,7.2,6,1.94,5,False
NC,88,415,339-9629,no,no,0,156.8,83,26.66,146.5,87,12.45,164.8,92,7.42,7.5,6,2.03,3,False
CO,70,408,383-2148,no,no,0,161.3,123,27.42,231.5,94,19.68,220.4,85,9.92,9.2,6,2.48,5,False
NC,143,415,367-4073,yes,yes,24,158.9,97,27.01,178.5,105,15.17,154.3,98,6.94,11.9,2,3.21,1,False
IN,104,415,329-1017,no,no,0,203.2,103,34.54,230.8,88,19.62,208.1,91,9.36,12.6,6,3.4,1,False
CA,85,408,300-1640,yes,yes,32,121.5,87,20.66,240.6,103,20.45,165.6,90,7.45,9.8,3,2.65,4,True
TN,73,415,340-7795,no,no,0,254.4,121,43.25,193.6,90,16.46,189.6,90,8.53,13.5,7,3.65,5,True
IN,130,415,386-3996,yes,no,0,234.6,113,39.88,227.8,117,19.36,230.6,100,10.38,10.4,7,2.81,3,True
TX,83,510,326-6631,no,no,0,205.2,81,34.88,234.3,90,19.92,190.1,115,8.55,9.2,4,2.48,5,False
WA,55,510,342-3064,yes,no,0,257.3,82,43.74,182.8,86,15.54,212.9,100,9.58,7.4,3,2.0,2,True
LA,78,510,385-6630,yes,no,0,123.3,84,20.96,160.3,120,13.63,171.6,100,7.72,13.0,7,3.51,0,True
OH,109,415,384-2828,no,yes,34,169.7,89,28.85,195.4,81,16.61,171.9,109,7.74,8.3,3,2.24,3,False
IL,85,415,381-7017,no,no,0,145.0,87,24.65,222.7,105,18.93,150.4,98,6.77,13.1,3,3.54,2,False
VA,135,408,323-7849,yes,no,0,162.5,91,27.63,162.2,97,13.79,164.1,119,7.38,11.5,4,3.11,2,True
GA,141,415,323-7403,no,yes,19,142.6,125,24.24,158.3,118,13.46,156.7,95,7.05,11.5,4,3.11,4,False
IL,111,415,344-4818,yes,no,0,201.7,84,34.29,194.2,119,16.51,234.0,100,10.53,12.0,4,3.24,5,False
GA,69,408,391-9418,yes,no,0,176.3,91,29.97,154.3,102,13.12,177.3,119,7.98,13.4,4,3.62,0,False
MO,107,408,355-9408,yes,yes,38,123.4,117,20.98,209.9,82,17.84,226.1,86,10.17,10.1,2,2.73,3,True
GA,112,510,382-7638,no,no,0,182.8,115,31.08,243.7,106,20.71,225.0,111,10.12,11.4,3,3.08,1,False
TX,102,415,377-1388,no,yes,32,253.3,115,43.06,164.6,92,13.99,180.4,89,8.12,11.1,4,3.0,3,True
IL,70,415,316-7075,no,yes,33,258.7,92,43.98,158.5,101,13.47,236.2,98,10.63,10.0,2,2.7,1,True
WA,138,408,321-1476,no,no,0,157.7,90,26.81,220.3,78,18.73,205.9,89,9.27,13.8,4,3.73,1,False
CO,55,408,395-4799,no,no,0,175.2,113,29.78,164.6,95,13.99,172.5,87,7.76,8.9,7,2.4,3,False
NC,147,408,369-9725,yes,no,0,213.9,99,36.36,179.8,91,15.28,244.0,103,10.98,9.1,7,2.46,2,True
IN,137,408,340-1872,yes,no,0,201.4,93,34.24,208.9,119,17.76,159.2,109,7.16,9.3,5,2.51,2,True
IL,80,510,347-1705,no,yes,28,231.4,106,39.34,155.1,89,13.18,224.4,99,10.1,12.5,4,3.38,0,False
WA,105,408,308-9275,yes,no,0,158.8,80,27.0,159.2,113,13.53,177.1,110,7.97,11.1,6,3.0,3,True
MO,109,408,320-2283,no,no,0,127.0,94,21.59,232.0,95,19.72,176.3,116,7.93,9.0,6,2.43,3,False
VA,102,408,341-6797,yes,no,0,120.3,99,20.45,240.9,105,20.48,201.5,116,9.07,10.6,2,2.86,3,True
FL,133,415,369-7073,yes,yes,40,152.8,84,25.98,156.7,79,13.32,169.4,91,7.62,10.6,3,2.86,0,False
GA,143,408,390-2462,no,yes,32,158.7,83,26.98,215.6,94,18.33,215.0,91,9.67,12.6,5,3.4,4,False
AZ,89,510,344-7656,no,yes,26,144.4,81,24.55,190.7,90,16.21,188.3,90,8.47,12.9,7,3.48,3,False
TX,149,415,358-7859,yes,no,0,139.9,103,23.78,237.0,118,20.15,192.6,97,8.67,12.2,2,3.29,3,True
WI,93,408,314-2790,no,yes,19,200.7,80,34.12,215.0,89,18.28,158.6,103,7.14,13.6,5,3.67,0,False
CA,76,415,380-7871,yes,yes,22,256.1,105,43.54,217.0,76,18.45,153.9,92,6.93,9.4,6,2.54,4,True
TX,130,415,377-2033,no,no,0,187.8,103,31.93,234.0,89,19.89,163.8,116,7.37,7.8,7,2.11,4,False
WA,95,510,382-1289,no,yes,36,197.7,123,33.61,146.5,105,12.45,239.9,113,10.8,8.8,4,2.38,1,False
TX,74,415,376-1711,yes,yes,25,167.4,116,28.46,208.6,91,17.73,195.6,99,8.8,8.4,4,2.27,3,True
PA,80,415,346-6147,yes,yes,40,155.8,94,26.49,237.6,82,20.2,238.6,117,10.74,13.3,3,3.59,0,False
MI,137,415,387-3161,yes,no,0,186.7,93,31.74,229.1,108,19.47,236.2,95,10.63,12.1,2,3.27,1,True
SC,77,415,354-8872,no,no,0,131.1,109,22.29,172.7,79,14.68,216.7,93,9.75,12.0,3,3.24,4,True
TN,150,415,328-6938,no,no,0,204.6,108,34.78,235.9,115,20.05,197.2,110,8.87,7.3,2,1.97,1,False
PA,57,408,336-1461,yes,no,0,156.3,90,26.57,247.4,105,21.03,154.8,109,6.97,9.6,3,2.59,1,False
OH,147,408,360-1573,no,yes,18,181.7,113,30.89,220.2,97,18.72,241.6,99,10.87,7.7,2,2.08,3,False
AZ,94,408,349-1875,no,yes,17,120.9,89,20.55,238.7,81,20.29,229.5,102,10.33,9.1,4,2.46,4,False
IL,70,415,382-7934,no,yes,18,189.6,114,32.23,207.0,92,17.6,217.9,91,9.81,11.6,7,3.13,3,False
AZ,81,408,397-2846,yes,no,0,180.5,123,30.69,220.9,110,18.78,234.6,112,10.56,11.9,3,3.21,5,True
IL,106,415,353-8634,yes,yes,40,159.1,98,27.05,243.5,113,20.7,162.7,114,7.32,12.0,6,3.24,5,True
CO,93,510,346-9623,no,no,0,144.4,113,24.55,169.1,107,14.37,225.6,109,10.15,9.7,3,2.62,0,False
FL,108,510,367-5101,yes,no,0,239.0,82,40.63,237.2,78,20.16,168.0,96,7.56,13.4,2,3.62,2,False
WI,93,415,354-9564,no,yes,16,139.4,87,23.7,255.6,94,21.73,248.0,119,11.16,13.6,4,3.67,3,False
SC,138,510,382-5471,yes,yes,32,180.4,111,30.67,144.3,78,12.27,202.7,106,9.12,12.0,3,3.24,1,True
TN,106,415,310-9286,yes,yes,28,186.8,103,31.76,182.6,101,15.52,166.0,110,7.47,13.1,5,3.54,1,True
WI,52,415,351-6405,no,no,0,150.3,89,25.55,218.8,107,18.6,196.8,88,8.86,8.9,6,2.4,4,True
CA,64,415,341-2814,yes,no,0,187.9,94,31.94,241.2,92,20.5,159.9,94,7.2,13.9,3,3.75,1,True
NY,127,510,398-4677,no,no,0,139.1,98,23.65,185.9,81,15.8,222.8,105,10.03,13.7,6,3.7,3,False
OH,77,510,339-1470,no,yes,33,159.9,84,27.18,242.0,104,20.57,246.6,104,11.1,9.4,5,2.54,1,False
IN,67,408,307-9112,no,no,0,245.5,90,41.74,234.4,78,19.92,188.6,89,8.49,14.0,4,3.78,1,False
MI,137,510,370-4498,yes,yes,28,228.5,106,38.85,248.0,78,21.08,159.6,99,7.18,11.2,2,3.02,3,True
CA,66,510,321-6269,no,no,0,202.4,106,34.41,155.8,101,13.24,228.8,106,10.3,7.5,2,2.03,1,False
WA,68,415,369-4145,yes,yes,32,237.4,100,40.36,242.4,78,20.6,187.6,115,8.44,10.9,2,2.94,4,True
VA,87,510,342-3414,no,no,0,222.7,107,37.86,258.0,117,21.93,244.8,101,11.02,7.5,7,2.03,3,False
IL,103,408,327-5454,yes,yes,35,184.8,96,31.42,191.2,89,16.25,156.4,111,7.04,12.3,5,3.32,2,True
IN,144,408,331-9299,no,yes,33,130.7,96,22.22,237.3,85,20.17,185.6,104,8.35,7.6,4,2.05,2,False
TX,150,510,355-6921,no,no,0,154.2,111,26.21,170.3,85,14.48,187.8,105,8.45,9.5,5,2.57,4,True
PA,98,415,355-8040,yes,yes,25,179.6,89,30.53,231.4,112,19.67,161.9,98,7.29,12.0,2,3.24,0,True
MI,128,510,326-3723,no,yes,25,211.5,92,35.96,187.5,110,15.94,182.8,105,8.23,7.4,3,2.0,2,False
SC,76,408,313-9696,yes,no,0,216.8,105,36.86,155.1,101,13.18,175.5,89,7.9,11.7,7,3.16,3,False
LA,121,415,344-3626,no,yes,20,162.3,92,27.59,142.3,98,12.1,226.8,116,10.21,9.5,6,2.57,5,False
MI,98,415,375-2160,yes,yes,28,198.6,118,33.76,254.3,78,21.62,237.5,90,10.69,11.3,5,3.05,4,True
OH,149,408,373-9187,no,yes,38,242.7,109,41.26,242.0,114,20.57,182.5,86,8.21,9.5,7,2.57,2,False
MI,76,408,338-9938,no,yes,39,130.9,109,22.25,257.2,82,21.86,227.5,96,10.24,13.2,6,3.56,0,False
SC,67,408,377-4757,no,yes,19,120.7,106,20.52,258.8,98,22.0,202.0,97,9.09,7.3,3,1.97,0,False
LA,115,415,398-9384,yes,yes,26,237.4,114,40.36,175.6,114,14.93,158.4,106,7.13,11.3,4,3.05,5,True
MI,137,408,318-1171,yes,yes,31,210.6,106,35.8,226.4,101,19.24,229.1,89,10.31,13.9,6,3.75,0,False
TX,52,415,388-1334,no,yes,40,233.7,86,39.73,176.1,79,14.97,194.8,95,8.77,10.9,4,2.94,0,False
NC,82,408,391-8863,yes,yes,33,215.2,125,36.58,155.0,99,13.18,173.7,110,7.82,9.5,2,2.57,1,True
TN,126,510,398-6576,yes,yes,23,244.9,87,41.63,211.3,103,17.96,175.8,91,7.91,11.7,4,3.16,0,True
MO,141,510,348-8440,no,yes,21,170.7,120,29.02,250.2,99,21.27,242.4,95,10.91,9.5,3,2.57,0,False
GA,54,415,308-5661,yes,yes,32,214.5,106,36.47,251.1,90,21.34,150.4,109,6.77,10.6,6,2.86,3,True
VA,128,510,305-6651,no,yes,40,176.9,119,30.07,210.8,85,17.92,242.2,96,10.9,9.3,4,2.51,3,False
CO,83,510,386-6686,yes,yes,25,239.2,113,40.66,198.5,116,16.87,175.9,98,7.92,8.7,6,2.35,2,True
NY,119,408,338-3264,no,no,0,125.1,113,21.27,242.1,119,20.58,153.0,111,6.88,9.1,6,2.46,3,False
WI,71,408,374-2861,yes,no,0,127.4,116,21.66,154.5,120,13.13,171.4,103,7.71,12.1,4,3.27,0,True
MO,150,510,365-7778,yes,no,0,163.3,117,27.76,187.9,117,15.97,200.3,93,9.01,7.4,7,2.0,4,True
IN,70,415,318-4983,no,yes,27,221.4,91,37.64,255.4,107,21.71,196.2,106,8.83,13.7,4,3.7,0,False
LA,120,415,320-5201,yes,no,0,161.9,105,27.52,216.4,117,18.39,224.5,97,10.1,11.2,7,3.02,4,True
OH,108,415,309-8032,yes,no,0,236.6,84,40.22,187.5,110,15.94,160.5,110,7.22,7.4,2,2.0,5,True
CO,147,510,398-6452,yes,no,0,209.1,91,35.55,216.3,115,18.39,241.0,109,10.84,13.9,5,3.75,3,True
MI,52,408,397-6805,yes,no,0,145.1,104,24.67,169.2,96,14.38,195.6,85,8.8,11.3,7,3.05,1,True
WA,105,408,349-2197,no,no,0,141.6,113,24.07,235.3,104,20.0,241.4,108,10.86,11.1,7,3.0,4,True
SC,84,510,336-4854,yes,yes,34,199.4,86,33.9,151.3,106,12.86,203.4,91,9.15,8.7,2,2.35,1,True
GA,65,415,358-6329,yes,yes,23,240.6,102,40.9,256.9,108,21.84,230.7,90,10.38,7.1,7,1.92,1,True
VA,87,415,350-5451,yes,no,0,130.6,95,22.2,239.2,106,20.33,164.0,88,7.38,8.6,6,2.32,0,False
TN,101,408,318-5031,yes,yes,30,131.4,83,22.34,233.0,120,19.8,152.8,99,6.88,12.4,7,3.35,4,True
CA,142,408,305-8504,yes,no,0,159.8,115,27.17,164.8,92,14.01,246.1,86,11.07,12.7,4,3.43,3,False
TN,102,408,396-7950,no,no,0,126.4,96,21.49,176.8,113,15.03,241.6,113,10.87,12.5,5,3.38,3,False
SC,107,510,376-4519,no,no,0,182.7,82,31.06,167.4,107,14.23,241.1,117,10.85,7.5,2,2.03,3,False
CO,126,408,372-1885,yes,yes,31,136.0,91,23.12,164.9,88,14.02,153.8,98,6.92,9.7,4,2.62,2,True
PA,128,415,376-6341,yes,yes,25,128.8,99,21.9,225.2,115,19.14,216.0,112,9.72,12.3,5,3.32,5,True
CA,140,415,346-2756,yes,yes,17,179.7,116,30.55,215.5,79,18.32,220.1,85,9.9,7.7,3,2.08,2,True
CA,118,408,332-5285,no,no,0,237.4,84,40.36,166.8,109,14.18,194.7,109,8.76,8.0,6,2.16,1,True
VA,64,510,362-4564,yes,no,0,167.6,117,28.49,217.0,80,18.45,225.7,92,10.16,11.9,5,3.21,5,False
MI,50,510,330-7019,yes,no,0,200.7,125,34.12,233.5,112,19.85,196.0,109,8.82,10.0,3,2.7,3,False
TN,57,415,311-3299,yes,yes,24,162.8,97,27.68,228.8,108,19.45,160.6,86,7.23,8.2,7,2.21,3,True
OH,55,408,307-4042,yes,yes,21,186.4,103,31.69,216.1,91,18.37,201.7,106,9.08,8.7,2,2.35,3,True
LA,147,408,320-1446,yes,no,0,209.2,114,35.56,200.3,111,17.03,212.8,92,9.58,7.3,5,1.97,3,True
OH,78,510,374-9976,yes,yes,20,230.4,122,39.17,234.5,84,19.93,205.2,91,9.23,13.3,7,3.59,0,True
NY,125,510,313-4250,yes,yes,32,215.0,85,36.55,248.8,96,21.15,214.5,103,9.65,10.8,4,2.92,5,True
LA,141,510,389-8059,no,yes,20,180.0,116,30.6,156.4,114,13.29,244.1,87,10.98,9.9,5,2.67,5,False
AZ,140,408,385-2481,no,no,0,220.1,110,37.42,175.2,96,14.89,237.9,100,10.71,13.4,7,3.62,4,True
TN,149,510,332-8008,yes,yes,20,233.7,111,39.73,163.7,116,13.91,221.0,120,9.95,12.6,7,3.4,2,False
GA,99,510,318-5222,no,no,0,121.5,86,20.66,212.1,119,18.03,151.0,117,6.79,8.0,6,2.16,3,False
NC,123,408,357-1355,yes,no,0,180.9,111,30.75,142.1,77,12.08,243.4,111,10.95,8.0,3,2.16,4,True
IN,67,415,323-9243,no,no,0,242.7,85,41.26,189.9,84,16.14,249.7,116,11.24,11.0,6,2.97,1,True
TN,136,510,304-5303,no,yes,31,152.2,117,25.87,259.9,81,22.09,239.1,90,10.76,7.1,6,1.92,1,False
WI,118,510,326-8682,yes,no,0,143.2,116,24.34,223.8,95,19.02,154.7,115,6.96,13.2,3,3.56,3,False
LA,110,408,304-5578,no,no,0,170.1,108,28.92,191.5,85,16.28,240.8,119,10.84,11.9,2,3.21,5,False
MO,65,408,365-1908,no,yes,19,152.8,86,25.98,190.1,98,16.16,151.2,115,6.8,13.3,5,3.59,1,False
MI,145,415,329-8493,yes,no,0,137.4,93,23.36,183.3,88,15.58,224.4,87,10.1,13.9,6,3.75,4,False
IL,58,408,390-1905,yes,no,0,183.9,98,31.26,187.9,89,15.97,214.3,87,9.64,9.8,4,2.65,3,False
WA,128,415,371-9250,no,yes,24,258.1,119,43.88,211.3,88,17.96,179.6,105,8.08,13.2,2,3.56,1,False
AZ,113,408,355-7808,no,no,0,145.3,80,24.7,199.3,104,16.94,208.4,99,9.38,9.7,3,2.62,1,False
CA,66,408,369-7825,no,yes,34,146.2,94,24.85,154.5,102,13.13,235.8,114,10.61,12.7,7,3.43,2,False
MO,78,510,343-5993,yes,yes,15,148.0,84,25.16,163.7,104,13.91,210.4,88,9.47,11.1,6,3.0,5,False
MI,57,510,334-9876,no,no,0,173.9,115,29.56,228.0,114,19.38,183.8,86,8.27,11.5,4,3.11,2,False
GA,139,510,371-3391,no,no,0,243.9,98,41.46,218.9,92,18.61,187.6,108,8.44,12.6,4,3.4,3,True
OH,80,408,342-7191,yes,no,0,211.3,101,35.92,145.3,114,12.35,197.7,100,8.9,10.6,2,2.86,3,False
WI,60,510,358-1567,no,no,0,209.9,104,35.68,184.1,86,15.65,227.3,108,10.23,7.1,5,1.92,4,False
MO,60,510,338-6008,yes,no,0,190.4,100,32.37,235.8,105,20.04,244.6,111,11.01,11.3,2,3.05,0,False
NC,71,408,315-8019,yes,no,0,123.2,114,20.94,232.7,113,19.78,205.2,86,9.23,7.7,7,2.08,3,True
IN,51,408,367-9491,yes,no,0,201.4,114,34.24,177.9,100,15.12,228.6,111,10.29,9.4,7,2.54,1,True
SC,83,510,339-2188,yes,yes,18,252.7,96,42.96,159.4,104,13.55,187.5,94,8.44,11.3,7,3.05,2,True
CO,57,415,381-6420,yes,yes,16,244.1,117,41.5,196.7,100,16.72,243.0,94,10.93,13.6,2,3.67,0,True
NY,105,510,317-8332,yes,yes,29,246.4,87,41.89,144.9,101,12.32,220.1,94,9.9,9.2,4,2.48,1,False
GA,147,510,364-7723,yes,no,0,136.3,80,23.17,225.9,86,19.2,200.3,110,9.01,8.6,5,2.32,2,False
SC,96,408,326-5028,no,no,0,252.3,84,42.89,219.4,81,18.65,188.9,90,8.5,8.6,3,2.32,3,False
NC,115,415,355-4501,yes,no,0,154.7,102,26.3,225.6,79,19.18,172.1,106,7.74,13.5,3,3.65,5,True
VA,122,408,329-6886,no,yes,26,123.7,105,21.03,196.2,101,16.68,215.3,114,9.69,7.0,4,1.89,1,False
GA,101,408,329-7282,no,yes,23,154.4,97,26.25,216.6,116,18.41,153.2,118,6.89,9.4,4,2.54,5,False
IN,59,408,346-1347,no,no,0,233.0,92,39.61,240.0,93,20.4,212.9,104,9.58,13.3,7,3.59,0,False
FL,86,415,381-1940,no,yes,18,172.4,92,29.31,201.7,110,17.14,198.1,88,8.91,13.8,4,3.73,2,False
CA,79,415,388-4919,yes,yes,26,203.6,114,34.61,190.5,114,16.19,218.4,97,9.83,9.9,4,2.67,1,False
CA,134,510,301-5446,yes,no,0,128.8,87,21.9,178.5,99,15.17,155.3,91,6.99,10.9,5,2.94,0,True
IL,63,510,354-8658,no,no,0,254.2,96,43.21,205.7,95,17.48,176.8,106,7.96,7.8,3,2.11,0,False
OH,100,510,377-3312,yes,yes,29,253.2,116,43.04,217.4,111,18.48,236.4,109,10.64,8.7,2,2.35,3,False
WI,73,408,336-8994,yes,yes,40,206.4,121,35.09,153.7,88,13.06,240.5,118,10.82,13.1,4,3.54,0,True
WI,100,415,356-9948,no,yes,17,254.7,120,43.3,156.6,99,13.31,244.9,104,11.02,8.8,2,2.38,5,False
LA,71,510,355-4154,no,no,0,167.0,81,28.39,205.0,91,17.43,220.1,105,9.9,11.0,2,2.97,3,False
GA,82,408,390-8494,yes,no,0,205.1,115,34.87,146.8,105,12.48,170.0,114,7.65,12.9,4,3.48,4,True
MI,101,408,351-9612,yes,yes,25,190.2,104,32.33,170.7,92,14.51,184.4,85,8.3,13.2,3,3.56,5,False
MI,74,408,380-6940,yes,yes,24,179.5,103,30.52,244.8,89,20.81,221.0,85,9.95,12.0,2,3.24,4,False
FL,84,415,323-2041,no,no,0,211.5,90,35.96,193.2,115,16.42,154.0,111,6.93,14.0,3,3.78,5,True
OH,146,408,318-2981,no,yes,23,254.5,117,43.27,244.7,88,20.8,238.0,104,10.71,11.9,7,3.21,3,False
LA,55,510,340-6098,no,yes,26,234.3,122,39.83,227.5,76,19.34,151.5,109,6.82,13.4,3,3.62,2,True
NY,101,415,367-1173,yes,yes,19,241.6,105,41.07,250.5,78,21.29,162.7,85,7.32,8.6,2,2.32,5,False
MI,88,408,323-7945,yes,yes,24,248.2,106,42.19,237.0,80,20.15,204.4,86,9.2,12.9,7,3.48,5,True
AZ,98,408,360-3179,no,no,0,156.2,123,26.55,168.9,110,14.36,170.3,111,7.66,7.6,3,2.05,3,False
MI,51,510,340-1284,no,yes,40,249.6,80,42.43,165.7,84,14.08,156.1,100,7.02,11.6,7,3.13,2,False
MI,136,510,396-9898,no,yes,16,218.7,89,37.18,172.9,85,14.7,187.0,91,8.41,12.9,3,3.48,0,False
NY,138,510,354-9506,no,yes,40,170.3,107,28.95,152.9,86,13.0,239.8,115,10.79,10.3,2,2.78,5,True
WI,105,510,306-5666,yes,no,0,155.9,116,26.5,196.5,90,16.7,153.4,115,6.9,13.5,5,3.65,4,False
NY,111,408,334-3991,yes,no,0,202.7,81,34.46,241.4,119,20.52,209.8,112,9.44,12.1,4,3.27,4,False
AZ,123,415,335-2618,no,yes,39,244.8,80,41.62,180.4,101,15.33,197.2,113,8.87,7.2,5,1.94,4,False
TX,117,415,320-1039,no,no,0,244.9,120,41.63,244.1,82,20.75,233.2,97,10.49,10.9,4,2.94,5,True
SC,146,415,360-9014,no,no,0,167.3,105,28.44,212.8,98,18.09,176.3,89,7.93,9.7,5,2.62,0,False
MO,50,408,321-2984,no,yes,40,209.2,90,35.56,157.8,93,13.41,233.1,94,10.49,13.8,5,3.73,5,True
GA,145,510,384-5440,no,no,0,214.8,113,36.52,236.7,89,20.12,171.8,86,7.73,8.1,4,2.19,5,False
IN,109,510,318-8689,no,no,0,133.9,101,22.76,145.0,98,12.33,154.3,109,6.94,13.0,2,3.51,2,False
WI,147,408,397-6680,yes,yes,36,255.0,104,43.35,247.6,114,21.05,209.7,92,9.44,10.2,7,2.75,0,False
VA,96,415,372-1827,no,no,0,210.4,122,35.77,213.0,112,18.11,203.6,107,9.16,11.4,6,3.08,5,True
WI,128,510,360-3814,no,yes,17,244.8,114,41.62,168.1,75,14.29,207.0,95,9.31,10.7,7,2.89,2,True
PA,89,415,364-8600,no,yes,20,197.3,116,33.54,144.2,91,12.26,157.3,116,7.08,11.2,5,3.02,5,True
AZ,147,510,380-1541,no,no,0,206.6,88,35.12,188.6,113,16.03,199.0,110,8.96,7.2,5,1.94,5,False
MI,111,510,342-8751,no,no,0,227.5,115,38.68,188.7,88,16.04,174.1,119,7.83,9.4,4,2.54,2,False
SC,130,408,305-6616,no,yes,30,138.9,105,23.61,181.9,107,15.46,249.2,92,11.21,13.7,7,3.7,4,False
SC,75,415,353-7066,no,yes,35,208.8,82,35.5,227.2,101,19.31,249.3,106,11.22,8.8,3,2.38,0,False
PA,83,510,306-1382,no,yes,20,214.8,101,36.52,147.5,117,12.54,177.5,108,7.99,7.8,2,2.11,0,False
IL,85,510,317-6801,no,yes,15,172.8,113,29.38,163.5,114,13.9,249.5,104,11.23,9.6,2,2.59,5,False
LA,75,415,326-4654,no,no,0,175.8,97,29.89,181.4,78,15.42,181.5,112,8.17,12.3,2,3.32,4,False
IN,94,510,366-2089,no,yes,25,181.8,86,30.91,205.6,81,17.48,172.6,106,7.77,10.6,3,2.86,4,False
IN,70,408,386-5084,yes,yes,38,219.5,100,37.32,141.3,77,12.01,243.7,113,10.97,7.9,3,2.13,1,True
MO,108,510,312-8306,yes,no,0,240.9,103,40.95,221.0,101,18.79,175.1,90,7.88,8.9,3,2.4,5,True
FL,86,415,310-6156,no,no,0,145.7,87,24.77,244.2,116,20.76,192.1,94,8.64,7.9,6,2.13,5,False
MO,141,415,363-2450,no,no,0,130.8,112,22.24,156.2,93,13.28,188.7,107,8.49,11.3,5,3.05,4,False
NC,107,415,337-6574,no,no,0,259.4,117,44.1,235.8,92,20.04,195.9,85,8.82,13.5,3,3.65,3,True
OH,95,510,383-3760,no,yes,31,169.5,80,28.82,233.3,110,19.83,197.2,86,8.87,12.6,2,3.4,5,False
LA,103,408,365-6888,no,yes,35,226.7,89,38.54,181.4,78,15.42,244.1,89,10.98,12.0,4,3.24,3,False
WI,144,415,393-4961,yes,yes,21,150.0,125,25.5,178.9,88,15.21,220.4,99,9.92,13.2,2,3.56,5,True
FL,63,408,373-1198,yes,no,0,235.3,86,40.0,217.7,106,18.5,195.0,114,8.78,7.5,7,2.03,1,False
GA,86,510,392-1343,no,yes,25,218.2,119,37.09,168.2,87,14.3,193.6,94,8.71,12.7,4,3.43,3,False
PA,145,510,340-3451,yes,no,0,130.4,99,22.17,147.7,85,12.55,221.1,117,9.95,11.3,6,3.05,2,False
TN,129,415,300-7909,no,no,0,141.8,90,24.11,213.3,114,18.13,159.4,93,7.17,10.1,7,2.73,2,False
OH,94,415,317-9262,yes,no,0,158.1,100,26.88,201.8,93,17.15,197.8,98,8.9,11.0,5,2.97,2,True
CA,134,415,399-1699,yes,no,0,131.6,92,22.37,240.4,86,20.43,198.4,103,8.93,13.7,2,3.7,3,False
TX,98,510,391-8327,yes,no,0,207.9,117,35.34,243.3,94,20.68,194.9,105,8.77,10.9,2,2.94,5,True
MO,57,510,386-1041,no,yes,39,183.2,115,31.14,225.3,107,19.15,217.4,115,9.78,10.5,7,2.83,4,True
WI,99,415,398-6015,no,yes,27,225.9,122,38.4,161.1,90,13.69,185.9,110,8.37,8.6,6,2.32,2,False
CO,136,510,377-3731,yes,no,0,179.9,83,30.58,217.6,118,18.5,246.9,91,11.11,13.0,2,3.51,4,True
PA,144,510,316-7631,yes,yes,37,193.2,116,32.84,191.5,88,16.28,249.2,106,11.21,12.1,4,3.27,2,True
MO,139,408,334-8553,no,yes,22,178.1,82,30.28,259.7,83,22.07,206.3,106,9.28,12.1,6,3.27,3,False
NY,73,415,374-7748,yes,yes,15,140.6,98,23.9,197.5,82,16.79,229.9,93,10.35,9.0,6,2.43,4,False
AZ,64,408,372-4183,no,no,0,154.8,100,26.32,256.5,100,21.8,161.8,88,7.28,8.4,4,2.27,0,False
TN,144,510,365-2107,no,yes,20,142.9,96,24.29,212.2,90,18.04,198.5,96,8.93,9.5,4,2.57,5,True
IL,148,510,364-2922,yes,yes,24,146.4,114,24.89,179.2,99,15.23,209.0,115,9.4,8.6,5,2.32,5,True
TX,108,408,386-9696,yes,yes,31,175.6,108,29.85,152.2,85,12.94,245.6,87,11.05,10.7,7,2.89,4,False
MO,62,415,387-2442,no,no,0,126.5,87,21.51,158.2,101,13.45,210.1,99,9.45,9.4,5,2.54,3,False
LA,93,408,364-9676,no,yes,28,156.7,123,26.64,251.5,103,21.38,188.9,117,8.5,8.1,6,2.19,0,False
GA,112,415,374-6410,yes,yes,18,147.2,85,25.02,171.6,86,14.59,182.9,89,8.23,8.4,3,2.27,3,True
FL,69,415,393-8799,no,yes,27,156.1,85,26.54,178.7,98,15.19,216.0,120,9.72,13.7,4,3.7,1,False
IL,113,415,313-9893,no,yes,30,205.1,83,34.87,237.4,85,20.18,222.7,99,10.02,9.1,7,2.46,0,False
IL,122,510,347-5506,yes,no,0,121.2,107,20.6,256.2,90,21.78,151.5,95,6.82,8.7,6,2.35,0,True
VA,133,510,319-4362,yes,no,0,212.4,82,36.11,242.1,82,20.58,163.1,95,7.34,13.9,3,3.75,1,True
IN,83,408,303-4817,yes,yes,39,136.2,110,23.15,192.2,90,16.34,246.0,94,11.07,13.4,3,3.62,2,True
MI,123,415,332-6728,yes,no,0,206.5,94,35.11,192.5,97,16.36,159.2,105,7.16,7.3,7,1.97,4,True
AZ,141,415,358-4053,no,no,0,128.5,105,21.85,235.4,88,20.01,226.0,108,10.17,9.0,4,2.43,0,False
MO,54,408,331-8055,yes,yes,22,179.8,112,30.57,152.3,106,12.95,240.0,95,10.8,13.9,6,3.75,3,False
CO,77,510,305-2437,no,yes,38,222.1,81,37.76,225.3,101,19.15,191.0,97,8.59,9.5,6,2.57,2,False
TN,138,510,309-1812,yes,yes,20,221.5,106,37.66,163.1,109,13.86,151.2,114,6.8,9.0,4,2.43,3,True
FL,115,415,365-6487,yes,yes,17,128.9,112,21.91,191.2,79,16.25,186.5,111,8.39,11.2,2,3.02,1,True
WA,81,408,343-3032,yes,yes,17,131.6,113,22.37,195.1,99,16.58,214.8,93,9.67,8.3,4,2.24,1,True
VA,132,415,343-4798,yes,no,0,141.1,88,23.99,203.2,100,17.27,243.4,110,10.95,11.6,7,3.13,0,False
IN,77,408,307-6765,no,no,0,253.9,113,43.16,227.6,111,19.35,163.7,113,7.37,13.6,7,3.67,1,False
IN,86,415,391-3300,no,yes,39,123.3,110,20.96,165.1,75,14.03,154.7,101,6.96,10.4,3,2.81,3,False
VA,103,510,344-1926,no,no,0,227.0,102,38.59,179.7,83,15.27,159.8,90,7.19,8.5,3,2.29,4,True
LA,55,510,320-2334,no,no,0,255.4,113,43.42,147.8,83,12.56,153.1,104,6.89,12.4,6,3.35,3,True
IN,114,408,313-9341,no,yes,40,152.6,97,25.94,185.9,94,15.8,198.8,117,8.95,13.0,4,3.51,3,False
SC,117,415,390-5234,yes,yes,36,145.7,81,24.77,158.1,106,13.44,203.8,98,9.17,8.8,6,2.38,2,True
NY,90,415,383-4472,no,yes,18,178.0,85,30.26,209.6,111,17.82,227.5,120,10.24,8.0,3,2.16,2,False
TN,127,510,399-7210,no,no,0,171.3,94,29.12,257.0,89,21.85,246.1,114,11.07,13.3,3,3.59,2,False
OH,71,415,312-8461,yes,no,0,243.3,109,41.36,198.4,87,16.86,189.8,85,8.54,10.7,5,2.89,0,False
TX,141,415,304-4108,yes,yes,31,249.6,111,42.43,193.1,86,16.41,244.2,106,10.99,7.8,4,2.11,2,False
NC,145,510,373-7407,yes,yes,28,135.3,117,23.0,209.5,102,17.81,150.2,102,6.76,10.4,6,2.81,3,False
WI,82,415,334-3773,yes,no,0,227.5,115,38.68,218.9,84,18.61,168.7,88,7.59,10.4,6,2.81,3,False
NY,116,510,346-4443,yes,yes,24,143.9,86,24.46,228.2,106,19.4,155.1,101,6.98,13.2,6,3.56,3,True
SC,135,408,324-5560,no,yes,39,141.0,90,23.97,242.8,92,20.64,229.2,115,10.31,11.3,6,3.05,5,True
IN,66,408,312-8713,yes,no,0,211.4,122,35.94,200.9,102,17.08,155.7,112,7.01,7.7,6,2.08,4,False
CO,106,510,376-3312,no,no,0,140.7,121,23.92,214.9,120,18.27,201.3,89,9.06,9.6,5,2.59,1,False
WI,78,415,320-9078,yes,yes,23,123.3,110,20.96,142.2,76,12.09,159.5,117,7.18,7.8,6,2.11,5,True
NC,139,415,361-8264,no,no,0,164.1,85,27.9,146.6,82,12.46,184.2,87,8.29,13.8,4,3.73,1,False
MO,139,408,374-7684,yes,no,0,245.8,83,41.79,140.1,110,11.91,219.3,114,9.87,7.6,7,2.05,1,True
FL,89,415,396-6285,yes,no,0,209.6,106,35.63,239.5,97,20.36,239.0,105,10.75,11.9,2,3.21,5,True
PA,123,510,346-7135,yes,no,0,237.9,89,40.44,143.9,116,12.23,156.1,86,7.02,8.0,4,2.16,0,True
WI,54,510,317-4492,no,no,0,158.8,108,27.0,210.2,93,17.87,233.9,120,10.53,7.4,7,2.0,2,False
AZ,71,415,361-9118,yes,yes,30,222.8,121,37.88,226.3,102,19.24,172.8,100,7.78,9.8,2,2.65,3,True
IL,146,415,383-8871,yes,no,0,253.2,81,43.04,205.3,118,17.45,200.9,118,9.04,11.9,4,3.21,1,True
CA,109,415,360-3258,no,yes,38,151.8,118,25.81,168.9,86,14.36,189.2,106,8.51,13.8,2,3.73,5,True
NC,140,415,366-7713,no,no,0,166.7,92,28.34,182.6,96,15.52,163.1,118,7.34,10.9,4,2.94,4,True
IL,94,415,306-4089,no,no,0,227.9,97,38.74,191.4,99,16.27,158.2,94,7.12,9.5,5,2.57,0,False
OH,142,510,329-8440,yes,yes,17,241.3,108,41.02,214.9,94,18.27,171.6,104,7.72,9.6,2,2.59,3,False
WI,76,408,311-8328,no,no,0,209.3,105,35.58,196.1,116,16.67,235.1,85,10.58,8.7,6,2.35,4,True
WI,56,415,353-4167,no,yes,36,143.2,123,24.34,194.1,109,16.5,165.5,101,7.45,12.0,3,3.24,1,False
GA,143,510,349-3315,yes,yes,33,144.0,103,24.48,252.3,101,21.45,222.5,105,10.01,8.3,4,2.24,0,True
MO,59,510,352-3922,yes,no,0,127.2,98,21.62,224.5,92,19.08,195.6,110,8.8,8.2,6,2.21,1,False
GA,79,408,348-2100,yes,no,0,254.9,89,43.33,189.4,102,16.1,201.6,105,9.07,8.3,5,2.24,5,True
MI,85,415,369-8064,no,no,0,228.6,121,38.86,143.5,76,12.2,239.5,88,10.78,13.3,2,3.59,4,True
IN,67,415,380-7799,yes,no,0,156.2,89,26.55,246.1,104,20.92,172.2,112,7.75,12.4,4,3.35,3,True
TN,93,510,341-5614,no,yes,17,214.1,111,36.4,205.1,92,17.43,214.5,119,9.65,7.5,5,2.03,2,False
CO,128,408,384-2719,yes,yes,15,121.8,91,20.71,150.9,100,12.83,211.6,104,9.52,7.4,4,2.0,1,True
NC,116,510,323-3180,no,no,0,202.7,81,34.46,234.8,112,19.96,174.2,117,7.84,10.4,7,2.81,4,True
AZ,137,510,364-4307,yes,no,0,181.0,102,30.77,186.9,104,15.89,230.7,117,10.38,9.6,2,2.59,4,True
MO,80,408,372-9275,yes,no,0,193.4,114,32.88,156.1,116,13.27,164.1,108,7.38,11.1,3,3.0,3,True
CO,94,510,333-5028,yes,no,0,188.5,80,32.05,252.1,94,21.43,239.5,92,10.78,13.2,2,3.56,0,False
VA,148,415,387-2952,yes,no,0,246.5,97,41.91,202.7,119,17.23,208.1,109,9.36,12.3,3,3.32,2,True
SC,137,408,353-7557,no,yes,29,196.6,109,33.42,160.1,118,13.61,158.0,102,7.11,9.5,7,2.57,3,False
WA,87,415,380-7018,no,yes,36,259.2,80,44.06,183.9,111,15.63,167.3,119,7.53,7.9,6,2.13,5,True
GA,73,510,389-9676,no,no,0,130.8,106,22.24,228.6,112,19.43,239.5,96,10.78,10.9,2,2.94,3,False
TN,129,510,385-9524,no,yes,20,243.8,102,41.45,252.2,75,21.44,235.5,107,10.6,11.3,7,3.05,4,False
IL,70,510,337-3436,yes,yes,22,224.4,100,38.15,243.4,88,20.69,204.1,100,9.18,12.0,7,3.24,0,False
CA,135,408,310-2400,no,yes,24,247.8,116,42.13,180.7,98,15.36,240.0,104,10.8,7.6,6,2.05,3,True
MI,96,408,383-4289,no,yes,34,249.0,125,42.33,162.1,96,13.78,188.8,112,8.5,12.2,3,3.29,5,False
TN,68,510,363-4685,yes,no,0,174.8,105,29.72,232.0,120,19.72,208.9,92,9.4,9.8,2,2.65,0,False
AZ,53,408,385-7057,yes,yes,39,233.8,85,39.75,167.0,102,14.2,210.3,89,9.46,10.0,7,2.7,3,True
MO,86,510,318-1657,no,yes,38,240.8,111,40.94,175.6,109,14.93,216.1,113,9.72,10.0,2,2.7,5,False
FL,110,415,370-5535,no,no,0,128.4,84,21.83,228.0,85,19.38,233.3,115,10.5,9.8,2,2.65,3,False
IL,75,415,340-8450,no,no,0,198.7,102,33.78,233.2,81,19.82,226.9,104,10.21,11.0,2,2.97,4,True
IL,133,415,362-7679,yes,yes,37,167.6,116,28.49,155.8,97,13.24,195.2,89,8.78,8.2,2,2.21,5,False
LA,109,408,354-8670,yes,yes,22,135.0,123,22.95,234.4,118,19.92,167.5,120,7.54,9.2,5,2.48,5,False
TX,82,415,328-7316,yes,yes,17,182.9,92,31.09,205.9,107,17.5,194.4,90,8.75,12.8,5,3.46,5,False
NY,105,408,307-2039,no,yes,15,172.0,117,29.24,239.7,90,20.37,228.3,112,10.27,7.9,6,2.13,0,False
IL,141,510,327-4155,yes,yes,36,135.3,117,23.0,204.4,78,17.37,162.7,103,7.32,11.1,4,3.0,0,True
AZ,105,510,327-4163,no,no,0,241.8,104,41.11,151.9,101,12.91,197.9,87,8.91,8.5,7,2.29,0,True
TN,65,510,371-9750,no,yes,39,241.1,91,40.99,194.1,94,16.5,157.7,102,7.1,9.6,2,2.59,0,False
NY,107,415,335-7263,yes,yes,17,213.1,103,36.23,251.2,77,21.35,245.6,95,11.05,8.3,3,2.24,3,True
VA,59,510,367-7112,yes,no,0,221.7,88,37.69,174.3,102,14.82,159.7,112,7.19,9.2,5,2.48,1,False
GA,131,415,328-6360,no,yes,31,141.0,100,23.97,142.5,85,12.11,241.8,93,10.88,9.9,7,2.67,5,False
NC,57,510,382-6073,yes,yes,24,134.1,120,22.8,250.7,88,21.31,213.1,101,9.59,10.0,7,2.7,2,False
FL,80,510,307-8566,yes,no,0,160.0,99,27.2,170.8,80,14.52,225.9,102,10.17,10.8,7,2.92,3,True
GA,143,415,310-6644,no,yes,40,205.2,120,34.88,239.9,77,20.39,208.8,93,9.4,12.7,5,3.43,1,False
NC,52,408,342-8789,yes,no,0,121.6,93,20.67,207.0,107,17.6,246.7,113,11.1,12.3,4,3.32,5,True
WA,83,510,381-7447,yes,yes,37,220.4,81,37.47,145.8,81,12.39,219.8,90,9.89,11.9,4,3.21,4,False
NY,85,408,364-2784,no,no,0,176.1,90,29.94,247.5,89,21.04,203.8,95,9.17,8.2,6,2.21,1,False
IN,87,510,330-4525,no,yes,37,171.1,93,29.09,246.6,108,20.96,210.3,97,9.46,11.2,6,3.02,5,True
IL,84,408,386-1561,no,yes,28,220.7,85,37.52,174.5,113,14.83,246.6,106,11.1,10.3,3,2.78,4,True
SC,91,415,345-2971,yes,no,0,258.1,112,43.88,147.8,95,12.56,223.0,101,10.04,13.1,2,3.54,0,False
AZ,98,415,377-5806,yes,yes,29,209.6,103,35.63,207.4,91,17.63,189.6,110,8.53,10.0,3,2.7,1,True
MI,95,415,393-9091,no,yes,23,178.9,94,30.41,168.9,120,14.36,159.7,112,7.19,8.6,3,2.32,2,False
WA,126,415,383-5578,no,no,0,249.7,104,42.45,210.2,99,17.87,186.9,111,8.41,7.1,2,1.92,0,True
LA,91,415,328-8818,yes,no,0,184.7,82,31.4,241.8,101,20.55,160.8,92,7.24,13.5,7,3.65,0,False
TX,146,408,336-3004,no,no,0,159.3,89,27.08,243.1,117,20.66,220.2,105,9.91,12.7,3,3.43,2,False
PA,53,510,373-3430,no,yes,20,260.0,92,44.2,239.8,114,20.38,189.1,94,8.51,10.5,5,2.83,4,False
LA,130,408,357-4766,yes,no,0,126.8,99,21.56,175.9,104,14.95,185.1,104,8.33,12.4,7,3.35,4,False
NY,53,408,335-6172,no,no,0,157.2,93,26.72,176.2,83,14.98,182.1,96,8.19,9.9,3,2.67,2,False
IL,145,510,367-2312,yes,no,0,183.2,103,31.14,157.3,78,13.37,189.1,94,8.51,10.2,5,2.75,3,True
PA,69,510,358-6677,no,no,0,147.7,105,25.11,232.3,101,19.75,191.0,118,8.59,8.6,4,2.32,1,False
MI,103,415,338-2714,no,yes,40,137.1,89,23.31,180.4,86,15.33,175.2,88,7.88,7.7,4,2.08,0,False
OH,76,510,382-5742,yes,no,0,125.7,123,21.37,177.4,75,15.08,242.7,112,10.92,8.3,2,2.24,1,False
WA,135,510,354-5699,yes,yes,40,201.0,93,34.17,186.6,100,15.86,221.5,100,9.97,8.3,2,2.24,0,True
WI,75,408,347-3924,yes,yes,18,185.9,104,31.6,157.0,79,13.35,161.6,107,7.27,9.9,7,2.67,1,False
FL,91,510,328-1525,yes,no,0,167.0,110,28.39,223.7,107,19.01,195.7,119,8.81,8.5,4,2.29,5,True
IN,95,510,360-5667,no,yes,26,206.4,89,35.09,199.1,101,16.92,220.6,119,9.93,8.1,7,2.19,3,False
WA,89,408,332-7956,no,yes,27,171.6,90,29.17,232.3,113,19.75,178.5,118,8.03,13.0,2,3.51,5,True
PA,59,510,341-3021,yes,yes,40,225.6,84,38.35,159.4,97,13.55,236.5,105,10.64,7.1,6,1.92,1,False
IL,135,408,333-8998,yes,no,0,156.5,109,26.61,171.8,77,14.6,224.9,116,10.12,8.0,6,2.16,4,True
NY,125,415,371-2524,no,yes,38,239.9,100,40.78,173.6,108,14.76,169.2,90,7.61,9.7,3,2.62,5,True
FL,142,510,347-1371,yes,no,0,181.6,83,30.87,257.7,103,21.9,153.4,103,6.9,8.2,3,2.21,4,True
WA,111,415,311-9990,no,no,0,175.3,93,29.8,219.6,81,18.67,237.6,100,10.69,8.9,5,2.4,0,False
FL,74,415,361-7157,no,yes,26,143.7,113,24.43,233.1,107,19.81,160.2,85,7.21,10.1,7,2.73,3,False
PA,113,408,363-9302,no,yes,34,219.2,113,37.26,158.3,106,13.46,197.6,115,8.89,10.5,2,2.83,0,False
LA,104,510,385-4991,no,yes,15,184.6,84,31.38,155.3,95,13.2,194.4,98,8.75,13.3,5,3.59,4,True
MO,64,415,346-4530,yes,no,0,222.8,118,37.88,179.2,119,15.23,212.9,95,9.58,9.8,7,2.65,5,False
VA,72,510,358-3024,yes,yes,22,181.5,112,30.86,193.0,78,16.41,177.2,119,7.97,11.0,3,2.97,0,False
CO,58,415,393-9776,no,no,0,234.1,94,39.8,220.4,109,18.73,161.5,108,7.27,12.3,2,3.32,4,False
NY,68,415,363-8707,no,yes,27,194.0,94,32.98,234.2,103,19.91,221.0,89,9.95,12.7,5,3.43,1,False
NC,117,415,395-8161,no,no,0,125.0,103,21.25,166.3,117,14.14,227.0,103,10.21,8.3,5,2.24,2,False
MI,55,415,397-5724,yes,yes,16,125.0,123,21.25,199.9,77,16.99,183.0,87,8.23,9.0,5,2.43,5,True
NC,98,510,379-3025,yes,yes,19,243.9,91,41.46,204.4,77,17.37,186.4,85,8.39,8.0,2,2.16,3,True
OH,83,415,321-6667,no,no,0,220.4,88,37.47,150.7,85,12.81,169.6,115,7.63,8.1,3,2.19,2,False
TX,106,510,397-2398,yes,no,0,230.6,90,39.2,140.8,117,11.97,171.3,112,7.71,13.2,7,3.56,4,True
AZ,111,510,344-3945,yes,no,0,159.8,83,27.17,210.9,92,17.93,156.9,104,7.06,9.9,6,2.67,2,True
SC,116,510,391-7370,yes,yes,40,134.8,104,22.92,232.8,82,19.79,153.8,108,6.92,8.6,3,2.32,3,True
IN,91,408,316-7262,no,no,0,167.9,86,28.54,247.5,88,21.04,247.4,98,11.13,7.6,5,2.05,2,False
MO,63,415,362-9801,no,no,0,215.7,104,36.67,209.2,106,17.78,239.1,95,10.76,11.1,6,3.0,2,False
TN,100,408,354-8476,no,yes,15,125.4,118,21.32,145.5,95,12.37,201.7,113,9.08,9.4,3,2.54,3,False
VA,134,415,374-9063,yes,yes,26,146.9,101,24.97,212.3,115,18.05,192.9,115,8.68,11.1,7,3.0,2,False
WI,129,510,336-6737,yes,yes,39,227.1,91,38.61,192.0,118,16.32,202.8,101,9.13,10.8,4,2.92,1,True
WA,72,408,311-9626,no,yes,39,190.3,85,32.35,258.3,118,21.96,186.6,86,8.4,9.4,6,2.54,3,False
IL,124,408,311-4442,yes,yes,32,180.0,118,30.6,166.2,83,14.13,187.1,108,8.42,12.3,6,3.32,0,True
CO,116,510,382-2161,no,yes,29,169.7,85,28.85,147.4,119,12.53,180.8,96,8.14,11.0,7,2.97,3,False
GA,142,510,321-1615,no,yes,16,224.2,93,38.11,213.5,91,18.15,189.3,95,8.52,12.0,3,3.24,2,False
AZ,92,510,330-3913,no,no,0,210.1,111,35.72,233.8,111,19.87,212.9,107,9.58,13.9,7,3.75,4,True
PA,89,415,304-7941,yes,yes,35,208.5,106,35.45,159.0,109,13.52,193.6,105,8.71,10.4,3,2.81,5,False
MI,80,415,337-2119,no,no,0,221.4,121,37.64,226.8,99,19.28,183.8,111,8.27,7.9,2,2.13,3,False
IN,84,510,374-4465,yes,no,0,185.3,124,31.5,190.8,90,16.22,231.1,88,10.4,11.6,4,3.13,2,True
SC,135,415,308-6603,yes,yes,32,169.3,90,28.78,160.2,91,13.62,201.7,87,9.08,9.1,4,2.46,4,True
GA,123,415,327-4355,no,yes,38,228.8,82,38.9,232.8,92,19.79,238.9,85,10.75,10.3,5,2.78,0,False
SC,125,408,369-9564,no,yes,31,256.0,102,43.52,224.7,90,19.1,202.0,92,9.09,10.9,3,2.94,0,True
FL,136,408,302-6755,no,no,0,248.2,99,42.19,252.8,104,21.49,169.3,105,7.62,13.7,5,3.7,4,False
CA,135,510,373-9379,no,no,0,139.1,118,23.65,172.0,116,14.62,175.1,105,7.88,8.3,7,2.24,3,False
OH,84,510,372-9345,no,yes,23,235.7,112,40.07,146.0,111,12.41,229.3,89,10.32,8.1,6,2.19,5,True
GA,117,510,375-1672,no,no,0,185.9,118,31.6,234.1,90,19.9,216.2,120,9.73,9.4,5,2.54,2,False
PA,103,408,364-5685,no,no,0,185.6,122,31.55,183.6,119,15.61,239.6,92,10.78,13.8,2,3.73,0,False
PA,103,415,321-2819,yes,no,0,252.7,108,42.96,159.9,78,13.59,158.7,97,7.14,9.2,2,2.48,2,True
FL,107,408,306-7389,yes,no,0,228.7,88,38.88,176.9,109,15.04,220.1,104,9.9,9.3,7,2.51,4,True
SC,50,415,373-2406,no,yes,32,236.1,114,40.14,195.9,96,16.65,239.9,104,10.8,9.4,7,2.54,0,True
TX,88,415,341-2844,no,no,0,177.9,115,30.24,202.1,93,17.18,153.2,89,6.89,9.6,6,2.59,1,False
TX,116,415,311-4944,no,no,0,235.0,100,39.95,145.4,106,12.36,221.9,102,9.99,9.4,4,2.54,1,True
CA,93,415,332-6934,no,no,0,175.5,101,29.84,255.5,95,21.72,187.9,104,8.46,11.3,5,3.05,1,False
OH,51,408,383-3199,yes,yes,21,201.4,109,34.24,246.6,108,20.96,250.0,95,11.25,13.0,4,3.51,1,False
FL,126,408,399-2589,yes,no,0,195.2,111,33.18,233.8,118,19.87,178.1,96,8.01,8.4,2,2.27,2,True
WA,128,510,320-7240,yes,no,0,253.5,123,43.1,229.3,120,19.49,197.9,90,8.91,11.2,5,3.02,2,True
LA,71,415,302-4537,no,no,0,138.3,93,23.51,159.1,78,13.52,237.1,118,10.67,12.6,5,3.4,4,True
CA,131,408,307-8640,no,yes,39,216.3,116,36.77,222.5,108,18.91,190.3,95,8.56,13.7,6,3.7,1,False
VA,141,408,341-4535,no,no,0,220.0,85,37.4,181.1,77,15.39,230.4,109,10.37,8.0,5,2.16,5,True
AZ,79,510,352-9662,no,no,0,180.3,84,30.65,224.2,107,19.06,213.3,103,9.6,10.5,7,2.83,5,True
TX,65,510,347-1863,no,no,0,178.9,114,30.41,242.3,113,20.6,214.6,89,9.66,8.8,6,2.38,0,False
TX,71,510,351-5192,yes,no,0,186.8,124,31.76,203.0,115,17.26,179.8,101,8.09,10.4,4,2.81,5,True
SC,147,415,313-5848,yes,no,0,193.4,112,32.88,221.4,115,18.82,230.7,119,10.38,10.9,6,2.94,3,True
MO,97,408,321-4669,no,yes,38,198.1,119,33.68,178.9,120,15.21,160.0,87,7.2,12.5,6,3.38,1,False
CO,83,510,347-4165,no,no,0,238.8,104,40.6,151.7,75,12.89,186.4,89,8.39,8.2,6,2.21,1,True
CA,114,510,331-1353,yes,no,0,233.9,118,39.76,246.0,98,20.91,169.2,89,7.61,12.9,7,3.48,1,True
IL,147,415,373-6312,no,no,0,238.7,105,40.58,255.0,116,21.68,160.1,118,7.2,11.7,6,3.16,3,True
AZ,82,510,355-2524,yes,yes,36,130.0,95,22.1,164.9,106,14.02,201.9,108,9.09,8.9,6,2.4,1,False
MI,54,408,381-3557,no,yes,16,227.4,94,38.66,148.1,103,12.59,183.5,96,8.26,9.6,6,2.59,4,True
MO,116,510,363-5393,no,no,0,144.5,111,24.57,154.6,101,13.14,160.1,109,7.2,10.2,5,2.75,2,False
TX,102,408,316-6670,yes,yes,37,255.2,124,43.38,200.3,107,17.03,160.1,98,7.2,7.9,6,2.13,5,True
MO,88,510,345-9032,yes,yes,16,178.0,95,30.26,221.3,94,18.81,200.9,93,9.04,7.9,5,2.13,0,True
NY,128,408,366-2109,no,no,0,257.9,117,43.84,190.2,83,16.17,205.6,97,9.25,7.7,3,2.08,2,True
IN,135,510,305-5401,no,yes,26,195.3,118,33.2,212.0,89,18.02,203.6,86,9.16,10.8,2,2.92,2,False
WI,88,510,352-9163,yes,no,0,236.8,99,40.26,173.9,120,14.78,210.1,85,9.45,10.1,2,2.73,5,True
MO,92,408,334-3723,yes,no,0,212.5,125,36.12,157.3,101,13.37,239.9,120,10.8,12.0,6,3.24,0,False
NC,129,415,370-1428,no,yes,31,177.7,124,30.21,227.1,116,19.3,238.9,117,10.75,11.2,5,3.02,4,False
IL,134,510,374-5085,no,no,0,172.1,81,29.26,171.0,100,14.54,227.2,111,10.22,11.0,7,2.97,4,True
AZ,107,408,324-8321,yes,no,0,173.0,85,29.41,198.8,75,16.9,243.6,99,10.96,8.0,7,2.16,2,False
IN,129,510,344-2229,no,yes,20,137.0,103,23.29,178.7,116,15.19,165.9,100,7.47,9.8,4,2.65,1,False
PA,51,415,382-7736,yes,no,0,216.1,105,36.74,259.7,85,22.07,189.1,87,8.51,7.9,4,2.13,2,True
FL,113,408,358-2379,yes,yes,20,141.0,98,23.97,164.3,80,13.97,152.8,115,6.88,13.0,5,3.51,1,True
LA,102,510,305-7744,no,no,0,251.4,101,42.74,231.6,90,19.69,186.9,90,8.41,11.5,3,3.11,3,True
VA,143,415,369-7710,yes,no,0,150.5,118,25.59,163.9,109,13.93,232.1,87,10.44,11.7,6,3.16,5,True
SC,130,408,344-8613,no,no,0,126.7,109,21.54,215.3,104,18.3,224.1,90,10.08,12.1,6,3.27,5,False
TN,140,510,351-9348,no,no,0,196.2,102,33.35,171.9,96,14.61,174.9,109,7.87,12.3,6,3.32,1,False
CA,56,415,388-5609,no,yes,24,174.8,124,29.72,228.8,109,19.45,212.8,106,9.58,9.2,7,2.48,1,False
MO,149,408,358-7217,no,no,0,192.6,99,32.74,225.6,91,19.18,168.8,112,7.6,11.7,3,3.16,5,True
IN,78,408,319-2564,no,yes,35,127.9,106,21.74,192.8,94,16.39,164.9,112,7.42,11.6,5,3.13,4,False
PA,81,408,326-2208,yes,yes,27,210.4,111,35.77,235.7,79,20.03,209.0,101,9.4,13.0,2,3.51,5,False
NC,144,510,347-8737,yes,yes,26,184.9,114,31.43,174.6,120,14.84,177.2,88,7.97,9.8,4,2.65,4,False
LA,147,408,378-6008,no,no,0,183.8,107,31.25,214.0,95,18.19,182.5,97,8.21,13.2,2,3.56,3,False
PA,123,510,374-2021,no,no,0,225.9,103,38.4,204.4,102,17.37,221.0,90,9.95,9.1,6,2.46,1,False
NY,74,510,391-6011,yes,yes,24,198.0,99,33.66,161.0,100,13.69,174.8,116,7.87,10.5,4,2.83,0,True
MO,149,510,329-6011,yes,no,0,186.0,80,31.62,188.7,115,16.04,166.0,118,7.47,12.4,4,3.35,0,True
OH,81,415,305-7691,yes,no,0,222.7,120,37.86,248.1,107,21.09,170.1,93,7.65,11.5,7,3.11,4,False
PA,107,415,385-5657,no,no,0,195.8,111,33.29,259.9,96,22.09,247.2,92,11.12,11.1,5,3.0,2,False
SC,64,510,390-8362,yes,yes,22,215.2,120,36.58,242.0,120,20.57,173.4,86,7.8,13.0,2,3.51,2,True
AZ,118,510,336-8171,no,no,0,201.7,116,34.29,254.5,118,21.63,163.5,90,7.36,13.6,4,3.67,2,False
IL,79,510,346-3481,yes,no,0,174.5,91,29.67,172.3,99,14.65,232.6,101,10.47,10.7,6,2.89,5,False
SC,57,510,365-1061,no,no,0,243.1,100,41.33,258.0,94,21.93,182.1,100,8.19,10.8,3,2.92,1,False
IN,131,510,328-2756,yes,no,0,127.8,113,21.73,154.5,99,13.13,213.4,88,9.6,12.8,3,3.46,3,True
LA,117,408,379-3853,no,yes,16,259.6,117,44.13,167.8,106,14.26,180.6,103,8.13,11.7,4,3.16,3,True
FL,79,415,306-3584,yes,no,0,128.5,120,21.85,142.7,106,12.13,168.6,116,7.59,12.5,5,3.38,5,False
PA,87,510,323-4891,no,no,0,251.8,110,42.81,229.7,119,19.52,181.2,119,8.15,10.8,6,2.92,3,False
CO,79,510,372-8344,yes,yes,16,196.2,121,33.35,230.5,99,19.59,153.0,105,6.88,10.7,3,2.89,3,True
SC,119,408,379-7023,yes,no,0,253.3,90,43.06,146.4,89,12.44,228.2,105,10.27,11.1,3,3.0,3,True
TX,71,510,328-6004,no,no,0,129.0,91,21.93,210.3,103,17.88,224.2,98,10.09,8.4,4,2.27,1,False
NY,91,408,394-8846,no,no,0,195.7,88,33.27,183.8,83,15.62,229.2,95,10.31,11.7,4,3.16,3,False
NC,124,408,338-7337,yes,no,0,137.6,99,23.39,180.1,91,15.31,154.0,85,6.93,12.0,3,3.24,2,True
MO,114,510,375-9799,no,no,0,178.8,89,30.4,250.1,100,21.26,153.1,102,6.89,11.7,7,3.16,2,False
IL,62,415,348-5342,yes,yes,32,195.1,120,33.17,227.3,111,19.32,188.5,86,8.48,10.6,2,2.86,0,True
WI,99,408,359-4494,yes,yes,38,247.5,125,42.08,256.0,89,21.76,182.3,99,8.2,13.1,5,3.54,4,False
VA,60,510,391-1375,no,no,0,252.2,88,42.87,200.6,90,17.05,194.2,88,8.74,7.0,3,1.89,5,True
AZ,93,415,321-5976,yes,no,0,167.8,98,28.53,220.2,85,18.72,235.8,114,10.61,9.5,2,2.57,5,True
LA,83,510,369-8543,no,no,0,152.5,99,25.93,197.9,117,16.82,151.4,102,6.81,11.7,7,3.16,2,False
AZ,123,408,306-9927,no,no,0,125.3,119,21.3,167.0,77,14.2,199.5,100,8.98,11.4,5,3.08,5,True
VA,64,510,372-8821,no,no,0,157.2,89,26.72,239.7,79,20.37,208.4,120,9.38,10.4,5,2.81,5,True
IL,56,415,374-9395,no,no,0,129.1,91,21.95,169.6,113,14.42,161.4,120,7.26,11.9,2,3.21,4,False
IL,123,408,300-2980,no,yes,29,210.7,84,35.82,176.9,86,15.04,156.9,94,7.06,9.6,5,2.59,1,False
PA,107,415,396-9071,yes,yes,18,166.2,98,28.25,223.0,104,18.96,193.5,108,8.71,13.4,7,3.62,4,True
NC,134,415,345-9530,yes,yes,39,187.0,97,31.79,237.4,106,20.18,200.3,120,9.01,9.4,3,2.54,4,False
SC,135,510,351-6344,yes,yes,35,135.7,121,23.07,205.7,105,17.48,185.4,101,8.34,8.1,2,2.19,1,True
CO,55,510,316-9803,yes,yes,16,209.6,111,35.63,193.8,95,16.47,163.9,91,7.38,9.2,3,2.48,5,False
TN,86,415,377-7778,no,yes,28,232.4,113,39.51,198.1,116,16.84,196.5,115,8.84,13.3,6,3.59,5,False
IL,71,510,326-5631,no,yes,22,123.1,117,20.93,211.1,119,17.94,200.3,87,9.01,13.8,4,3.73,0,False
OH,92,415,392-8075,no,yes,15,207.6,80,35.29,256.3,83,21.79,188.2,102,8.47,11.4,4,3.08,4,False
LA,59,408,382-4786,no,yes,26,240.2,115,40.83,181.4,86,15.42,238.9,97,10.75,9.0,4,2.43,1,True
WA,113,510,371-6037,no,yes,31,240.6,118,40.9,233.8,98,19.87,171.1,113,7.7,11.3,2,3.05,1,False
WA,76,408,324-2144,no,no,0,135.4,106,23.02,145.2,105,12.34,232.7,108,10.47,9.3,6,2.51,0,False
WI,65,408,384-1564,yes,yes,34,223.1,122,37.93,215.2,87,18.29,186.7,85,8.4,10.5,4,2.83,4,True
CO,108,510,380-7122,no,no,0,250.5,121,42.59,197.0,103,16.75,192.8,117,8.68,9.9,6,2.67,0,False
NY,145,408,394-5596,no,yes,19,205.8,107,34.99,154.2,86,13.11,228.8,85,10.3,10.6,2,2.86,1,False
NY,56,408,353-9540,yes,yes,29,178.3,97,30.31,246.3,93,20.94,192.4,96,8.66,11.6,5,3.13,4,False
MI,86,415,361-7766,yes,yes,39,169.2,88,28.76,201.9,114,17.16,222.3,104,10.0,7.3,7,1.97,4,True
FL,73,510,382-6701,no,no,0,246.9,87,41.97,246.3,112,20.94,195.3,115,8.79,11.8,6,3.19,2,False
IL,137,408,342-3226,yes,yes,33,232.9,124,39.59,225.6,86,19.18,208.3,102,9.37,11.8,2,3.19,0,False
MO,149,510,334-7187,yes,no,0,124.4,124,21.15,147.4,114,12.53,156.7,89,7.05,8.6,7,2.32,5,True
MI,91,510,367-8809,yes,yes,38,168.4,109,28.63,145.3,97,12.35,245.2,96,11.03,9.4,2,2.54,2,True
WI,91,408,327-7347,yes,yes,39,191.3,120,32.52,158.0,87,13.43,232.7,104,10.47,7.2,5,1.94,2,False
VA,70,415,301-7182,no,no,0,191.1,104,32.49,193.8,115,16.47,159.0,115,7.15,7.5,4,2.03,0,False
LA,145,415,378-3502,yes,no,0,217.2,103,36.92,155.5,94,13.22,151.8,109,6.83,13.7,4,3.7,4,False
CO,99,415,318-8079,yes,no,0,252.4,86,42.91,189.9,90,16.14,214.4,119,9.65,10.4,4,2.81,3,False
VA,119,415,381-8982,yes,no,0,232.3,124,39.49,218.0,75,18.53,217.9,104,9.81,12.5,5,3.38,3,False
IL,140,408,309-6870,yes,no,0,165.3,81,28.1,176.2,116,14.98,164.2,89,7.39,7.3,6,1.97,3,True
GA,128,408,369-9442,yes,yes,15,202.8,118,34.48,211.2,91,17.95,245.3,112,11.04,9.2,3,2.48,3,False
GA,117,415,315-2833,no,no,0,255.8,84,43.49,252.7,119,21.48,174.4,110,7.85,10.0,5,2.7,4,False
MI,81,415,392-7138,yes,yes,35,184.5,113,31.37,259.3,113,22.04,152.4,110,6.86,12.1,2,3.27,5,False
CO,97,408,374-4217,yes,yes,31,174.3,101,29.63,238.7,81,20.29,215.8,89,9.71,13.2,3,3.56,4,True
GA,72,415,342-8901,yes,no,0,130.2,102,22.13,173.8,92,14.77,238.4,94,10.73,8.8,2,2.38,0,False
NY,141,408,300-2868,yes,yes,39,223.2,96,37.94,174.3,113,14.82,184.3,115,8.29,8.6,2,2.32,0,True
TX,110,510,301-8931,no,no,0,133.2,110,22.64,192.3,80,16.35,193.3,115,8.7,8.2,3,2.21,5,True
SC,107,415,386-6617,no,yes,19,252.3,110,42.89,222.8,107,18.94,237.6,88,10.69,11.5,4,3.11,5,True
MO,85,415,319-9433,no,no,0,171.0,117,29.07,182.1,92,15.48,220.9,95,9.94,8.0,5,2.16,0,False
VA,52,415,329-6208,yes,no,0,143.9,87,24.46,157.4,114,13.38,239.5,111,10.78,9.0,3,2.43,2,False
LA,93,510,369-4851,no,no,0,164.9,103,28.03,162.8,94,13.84,163.1,114,7.34,13.8,5,3.73,2,False
CA,83,510,319-6720,yes,no,0,239.2,80,40.66,213.5,106,18.15,197.2,96,8.87,13.3,2,3.59,4,False
LA,148,510,396-4949,no,no,0,253.5,98,43.1,221.6,94,18.84,160.6,88,7.23,13.7,6,3.7,5,True
FL,110,510,393-6003,no,no,0,246.6,119,41.92,187.8,82,15.96,176.1,102,7.92,10.3,7,2.78,1,False
WA,87,510,338-6561,no,yes,28,171.4,82,29.14,154.6,99,13.14,178.8,93,8.05,12.1,7,3.27,5,False
NY,74,415,381-3947,yes,no,0,168.2,91,28.59,254.5,101,21.63,196.6,117,8.85,7.6,7,2.05,2,False
NC,147,510,349-3550,yes,no,0,204.2,122,34.71,152.4,82,12.95,194.5,101,8.75,9.7,7,2.62,3,False
TN,85,510,320-8289,yes,no,0,222.5,115,37.83,208.9,85,17.76,199.3,103,8.97,12.5,3,3.38,4,True
CO,89,510,377-9853,no,no,0,244.3,99,41.53,153.2,109,13.02,158.2,108,7.12,8.1,2,2.19,3,True
GA,74,415,355-3512,no,no,0,125.8,115,21.39,245.0,94,20.83,220.7,103,9.93,13.2,7,3.56,5,False
CA,138,415,340-6915,no,no,0,231.1,95,39.29,223.2,112,18.97,160.7,115,7.23,10.6,7,2.86,3,False
IL,145,510,303-2506,yes,no,0,222.8,112,37.88,224.4,88,19.07,209.4,99,9.42,13.5,5,3.65,3,True
MO,146,510,393-9358,no,yes,30,191.7,100,32.59,255.7,86,21.73,165.3,90,7.44,11.7,7,3.16,2,False
MI,139,408,373-2193,yes,yes,21,146.3,125,24.87,173.5,94,14.75,202.0,107,9.09,8.5,7,2.29,5,False
WI,80,408,369-2581,yes,yes,38,131.9,102,22.42,196.5,106,16.7,213.1,113,9.59,9.7,5,2.62,2,False
TN,145,510,325-6347,yes,no,0,193.1,94,32.83,177.1,106,15.05,199.0,110,8.96,7.5,4,2.03,0,True
VA,149,510,398-4406,no,no,0,217.7,89,37.01,218.8,113,18.6,204.7,90,9.21,13.3,5,3.59,2,False
PA,71,510,325-4491,yes,yes,27,218.4,85,37.13,146.3,78,12.44,236.1,90,10.62,10.6,7,2.86,1,False
